"ID","Handle","Command","Title","Body HTML","Sort Order","Template Suffix","Updated At","Published","Published At","Published Scope","Image Src","Image Width","Image Height","Image Alt Text","Row #","Top Row","Must Match","Rule: Product Column","Rule: Relation","Rule: Condition","Products Count","Metafield: title_tag [string]","Metafield: description_tag [string]","Metafield: custom.marketing_h1 [single_line_text_field]","Metafield: custom.below_category_content [rich_text_field]","Metafield: custom.parent_category [collection_reference]","Metafield: custom.promo_block_1 [metaobject_reference]","Metafield: custom.promo_block_2 [metaobject_reference]","Metafield: custom.promo_block_3 [metaobject_reference]","Metafield: custom.promo_block_4 [metaobject_reference]","Metafield: custom.collection_bottom_description [list.metaobject_reference]","Metafield: custom.child_collections [list.collection_reference]","Metafield: custom.sub_categories [list.collection_reference]"
"345947996338","feeltrue-products","MERGE","FeelTrue Products","","Manual","","2025-10-20 05:15:51 -0600","true","2025-08-08 03:55:50 -0600","web","","","","","1","true","all conditions","Tag","Equals","feeltrue-products","10","","","","","","","","","","","",""
"345948029106","custom-made-xero-shoes","MERGE","Custom-Made Xero Shoes","","Manual","","2025-10-20 05:15:51 -0600","true","2025-08-08 03:55:51 -0600","web","","","","","2","true","all conditions","Tag","Equals","custom-made-xero-shoes","3","","","","","","","","","","","",""
"345948061874","foot-care","MERGE","Foot Strength & Balance","","Manual","","2025-10-20 05:15:51 -0600","true","2025-08-08 03:55:51 -0600","web","","","","","3","true","all conditions","Tag","Equals","foot-care","8","","","","","","","","","","","",""
"345948127410","cloud","MERGE","Cloud","","Manual","","2025-10-14 13:53:35 -0600","true","2025-08-08 03:55:51 -0600","web","","","","","4","true","all conditions","Tag","Equals","cloud","4","","","","","","","","","","","",""
"345948160178","amuri","MERGE","Amuri™ - ready-to-wear barefoot sandals","","Manual","","2025-10-20 05:15:51 -0600","true","2025-08-08 03:55:51 -0600","web","","","","","5","true","all conditions","Tag","Equals","amuri","8","","","","","","","","","","","",""
"345948192946","umara","MERGE","Umara","","Manual","","2025-10-14 13:53:35 -0600","true","2025-08-08 03:55:51 -0600","web","","","","","6","true","all conditions","Tag","Equals","umara","0","","","","","","","","","","","",""
"345948094642","merch","MERGE","Xero Shoes Merch","","Manual","","2025-10-20 05:15:51 -0600","true","2025-08-08 03:55:51 -0600","web","","","","","7","true","all conditions","Tag","Equals","merch","6","","","","","","","","","","","t-shirts","accessories, merch"
"345948225714","gift-certificates","MERGE","Gift Certificates","","Manual","","2025-10-20 05:15:51 -0600","true","2025-08-08 03:55:51 -0600","web","","","","","8","true","all conditions","Tag","Equals","gift-certificates","1","","","","","","","","","","","",""
"345948258482","donate","MERGE","Support the Tarahumara","","Manual","","2025-10-14 13:53:35 -0600","true","2025-08-08 03:55:51 -0600","web","","","","","9","true","all conditions","Tag","Equals","donate","1","","","","","","","","","","","",""
"345948291250","outsoles","MERGE","Outsoles","","Manual","","2025-10-20 05:15:51 -0600","true","2025-08-08 03:55:51 -0600","web","","","","","10","true","all conditions","Tag","Equals","outsoles","4","","","","","","","","","","","",""
"345948324018","terraflex","MERGE","TerraFlex","","Manual","","2025-10-20 05:15:51 -0600","true","2025-08-08 03:55:51 -0600","web","","","","","11","true","all conditions","Tag","Equals","terraflex","4","","","","","","","","","","","",""
"345948356786","closed-toe-shoes","MERGE","Closed-Toe Shoes","","Manual","","2025-10-20 05:15:51 -0600","true","2025-08-08 03:55:51 -0600","web","","","","","12","true","all conditions","Tag","Equals","closed-toe-shoes","103","","","","","","","","","","","",""
"345948455090","uncategorized","MERGE","Uncategorized","","Manual","","2025-10-20 05:15:51 -0600","true","2025-08-08 03:55:51 -0600","web","","","","","13","true","all conditions","Tag","Equals","uncategorized","37","","","","","","","","","","","",""
"345948487858","facebook","MERGE","Facebook","","Manual","","2025-10-14 13:53:35 -0600","true","2025-08-08 03:55:51 -0600","web","","","","","14","true","all conditions","Tag","Equals","facebook","1","","","","","","","","","","","",""
"345902350514","praella-men","MERGE","Praella - Men","Our men’s barefoot shoes let you enjoy the natural movement and comfort of being barefoot without actually going barefoot. Browse our selection.","Best Selling","","2025-10-20 05:15:51 -0600","true","2025-08-07 04:16:46 -0600","global","","","","","15","true","all conditions","Tag","Equals","mens","80","","","Men's Shoes","{""type"":""root"",""children"":[{""type"":""heading"",""level"":2,""children"":[{""type"":""text"",""value"":""Barefoot Shoes for Men 101""}]},{""type"":""paragraph"",""children"":[{""type"":""text"",""value"":""How do barefoot shoes differ from standard footwear?""}]},{""type"":""paragraph"",""children"":[{""type"":""text"",""value"":""Barefoot-style shoes (also referred to as “minimalist shoes”) have a thin, flexible sole that allows you to feel the ground beneath while providing your just the right amount of protection.""}]},{""type"":""paragraph"",""children"":[{""type"":""text"",""value"":""They’re actually more like the shoes people wore prior to the invention of thick, stiff, padded, motion-control shoes.""}]},{""type"":""heading"",""level"":3,""children"":[{""type"":""text"",""value"":""The Benefits You’ve Been Missing With “Normal” Shoes""}]},{""type"":""paragraph"",""children"":[{""type"":""text"",""value"":""The features of barefoot shoes for men help your feet – and body – do what they’re made to do naturally in a way that “normal” shoes don’t.""}]},{""type"":""list"",""listType"":""unordered"",""children"":[{""type"":""list-item"",""children"":[{""type"":""text"",""value"":""Balance"",""bold"":true},{""type"":""text"",""value"":"". First and foremost, barefoot shoes help with balance because they are low to the ground. In addition, the wider toe box in barefoot-style footwear allows you to use your toes. With no unnecessary padding, barefoot shoes make it easier to contact the ground, getting the feedback you need to adjust and shift effortlessly as you walk, run, or workout.""}]},{""type"":""list-item"",""children"":[{""type"":""text"",""value"":""Natural comfort"",""bold"":true},{""type"":""text"",""value"":"". Barefoot shoes have ""},{""type"":""text"",""value"":""wider, foot-shaped toe boxes"",""bold"":true},{""type"":""text"",""value"":"". Instead of squeezing your toes like “normal” shoes with pointy toe boxes do, barefoot shoes let your toes spread and splay naturally.""}]},{""type"":""list-item"",""children"":[{""type"":""text"",""value"":""Foot strength"",""bold"":true},{""type"":""text"",""value"":"". If you want to make any part of your body weak, you keep it from moving (think about doing bicep curls versus having your arm in a cast). The stiffness of regular shoes is like wearing a cast. Barefoot shoes have thin, flexible soles that let your feet move naturally. Research shows that just walking in barefoot footwear builds foot muscle strength as much as doing a ""},{""type"":""link"",""url"":""https://scholarsarchive.byu.edu/facpub/3159/"",""title"":null,""target"":null,""children"":[{""type"":""text"",""value"":""foot exercise program""}]},{""type"":""text"",""value"":"".""}]},{""type"":""list-item"",""children"":[{""type"":""text"",""value"":""Proper posture"",""bold"":true},{""type"":""text"",""value"":"". Normal shoes with raised heels force you into an unnatural posture, tipping you slightly forward, and putting strain on your ankles, knees, hips, and back. Barefoot shoes have a flat, “""},{""type"":""text"",""value"":""zero drop"",""bold"":true},{""type"":""text"",""value"":""” design that positions your feet level with the ground, allowing for natural posture.""}]},{""type"":""list-item"",""children"":[{""type"":""text"",""value"":""Agility and Mobility"",""bold"":true},{""type"":""text"",""value"":"". There’s a reason your soles are so sensitive (with more nerve endings than anywhere but your fingertips and lips). It’s so your brain can tell what you’re stepping on or stepping in, and then control your body to handle the terrain. Barefoot shoe soles that give you the traction and protection you want, but also let the nerves in your feet safely FEEL the world beneath you, help you move more efficiently, effectively, and enjoyably.""}]},{""type"":""list-item"",""children"":[{""type"":""text"",""value"":""Lightweight"",""bold"":true},{""type"":""text"",""value"":"". Barefoot shoes are a lightweight option for guys. This means you expend less energy than when wearing heavier “normal” shoes. Barefoot shoes are so light, it feels like you’re not wearing anything - yet, they have a strong layer of protection.""}]}]},{""type"":""heading"",""level"":2,""children"":[{""type"":""text"",""value"":""Men’s Barefoot Footwear for Every Lifestyle""}]},{""type"":""paragraph"",""children"":[{""type"":""text"",""value"":""People often think of barefoot shoes as a category of running shoes, when, in fact, there are several types of barefoot-style footwear.""}]},{""type"":""paragraph"",""children"":[{""type"":""text"",""value"":""Xero Shoes has casual and performance shoes, boots, and sandals for all of your favorite activities and occasions:""}]},{""type"":""heading"",""level"":3,""children"":[{""type"":""text"",""value"":""Men’s Barefoot Running Shoes""}]},{""type"":""paragraph"",""children"":[{""type"":""text"",""value"":""Barefoot shoes provide male runners with the balance and comfort needed to train daily, improving their strength, agility, and mobility. Our collection of men's barefoot running shoes are lightweight and foot-friendly for road running and trail running.""}]},{""type"":""paragraph"",""children"":[{""type"":""text"",""value"":""Oh, and did we mention durability? Xero Shoes have a 5,000-mile sole warranty for runners logging miles, while traditional running shoes typically need to be replaced between 300-500 miles. Read ""},{""type"":""link"",""url"":""https://xeroshoes.com/barefoot-shoe-reviews/"",""title"":null,""target"":null,""children"":[{""type"":""text"",""value"":""reviews""}]},{""type"":""text"",""value"":"" from runners.""}]},{""type"":""heading"",""level"":3,""children"":[{""type"":""text"",""value"":""Men’s Barefoot Hiking Footwear""}]},{""type"":""paragraph"",""children"":[{""type"":""text"",""value"":""Guys who enjoy exploring the great outdoors will find our barefoot hiking shoes and boots comfortable and lightweight.""}]},{""type"":""paragraph"",""children"":[{""type"":""text"",""value"":""The thin, flexible, yet protective soles allow you to safely FEEL the trail beneath your feet in a more stimulating way. After a long hike, your feet will feel as good as when you started.""}]},{""type"":""heading"",""level"":3,""children"":[{""type"":""text"",""value"":""Barefoot Water-Friendly & Waterproof Footwear""}]},{""type"":""paragraph"",""children"":[{""type"":""text"",""value"":""Xero Shoes has men’s barefoot shoes, sandals, and boots for river sports, water activities, and wet weather.""}]},{""type"":""paragraph"",""children"":[{""type"":""text"",""value"":""Waterproof footwear from Xero Shoes have fully seam-sealed linings and water-resistant membranes. Water-friendly shoes, like our Aqua X Sport, are made to get wet and dry fast.""}]},{""type"":""paragraph"",""children"":[{""type"":""text"",""value"":""Whether in the ocean, trudging a muddy trail, or crossing a river, our waterproof and water-friendly shoes and sandals let you keep moving and having outdoor fun.""}]},{""type"":""heading"",""level"":3,""children"":[{""type"":""text"",""value"":""Men’s Casual Footwear""}]},{""type"":""paragraph"",""children"":[{""type"":""text"",""value"":""With our selection of barefoot casual footwear, guys can look great in the office or on a night out while still enjoying natural comfort. Our men’s casual shoes, boots, and sneakers are stylish, superlight-weight, with a non-elevated barefoot design.""}]},{""type"":""paragraph"",""children"":[{""type"":""text"",""value"":""They are so comfortable that we would not be surprised if you told us you forgot to take your shoes after you got home. In fact, we've heard stories from customers who accidentally went to bed still wearing their Xero Shoes!""}]},{""type"":""heading"",""level"":2,""children"":[{""type"":""text"",""value"":""How to Safely Transition to Barefoot Shoes""}]},{""type"":""paragraph"",""children"":[{""type"":""text"",""value"":""Transitioning from normal to barefoot-style footwear can be an adjustment for newcomers. After all, you’ll probably be using muscles, ligaments, and tendons that were “switched off” from wearing “normal shoes.”""}]},{""type"":""paragraph"",""children"":[{""type"":""text"",""value"":""What we’ve seen with millions of men, is that switching to walking or running in barefoot shoes takes just a little bit of time to get used to.""}]},{""type"":""paragraph"",""children"":[{""type"":""text"",""value"":""And, the amount of time it takes to get used to barefoot shoes can be tiny compared to the benefits you’ll then experience for the rest of your life.""}]},{""type"":""paragraph"",""children"":[{""type"":""text"",""value"":""Learn more about how to make the ""},{""type"":""link"",""url"":""https://xeroshoes.com/barefoot-running-tips/do-not-transition-barefoot-slowly/"",""title"":null,""target"":null,""children"":[{""type"":""text"",""value"":""transition to barefoot shoes here.""}]},{""type"":""text"",""value"":""""}]},{""type"":""heading"",""level"":3,""children"":[{""type"":""text"",""value"":""See What Others Had to Say About Making the Switch""}]},{""type"":""paragraph"",""children"":[{""type"":""text"",""value"":""See what men around the world have to say about switching to Xero Shoes:""}]},{""type"":""paragraph"",""children"":[{""type"":""text"",""value"":""“I just bought my second pair of men’s Glenn shoes not because the first is worn out, far from it, but because I love these shoes so much I wanted a second color option. These shoes kept my feet happy and looked great on my month-long tour of New Zealand. They work for casual everyday wear and for evenings out at nice restaurants. Love them.”""}]},{""type"":""paragraph"",""children"":[{""type"":""text"",""value"":""“I am a 72 year old male who ran distance for more than 50 years. My shoe size is 11 6E. I developed peripheral neuropathy 2 years ago in my feet. Going barefoot eases the constant burning pain a little but going barefoot indoors and out is not practical and, in some cases, not legal. I was looking for a shoe that was as close to \""barefoot\"" as possible. The Scrambler Low is the best thing to barefoot that I have found and the toe box is wide enough to accommodate my 6E. I am eager to see if the 5,000 mile tread warranty holds up! So far, I am very satisfied.”""}]},{""type"":""paragraph"",""children"":[{""type"":""text"",""value"":""“I’m not much of a runner, but I love these for lifting and HIIT classes. Especially without the removable minimal insole, I can really feel the way my foot is driving into the ground on deadlifts and squats. They don’t provide as much lateral support as the 360’s for HIIT, but it’s enough for me, and really like the greater proprioception I experience with the Men’s HFS II.”""}]},{""type"":""paragraph"",""children"":[{""type"":""text"",""value"":""Feel the freedom and fun of Xero Shoes, so you can Live Life Feet First!""}]}]}","","","","","","collection_faqs.barefoot-shoes-for-women-101, collection_faqs.womens-barefoot-footwear-for-every-activity-lifestyle, collection_faqs.how-to-safely-transition-to-womens-barefoot-shoes","","newproducts-mens, bestsellers-mens, clearance-mens, sandals-mens, shoes-mens, boots-mens, running-fitness-mens, casual-mens, hiking-trail-mens, water-mens, mens-featured-deals, men-training, mens"
"345948389554","boots","MERGE","Boots","","Manual","","2025-10-20 05:15:51 -0600","true","2025-08-08 03:55:51 -0600","web","","","","","16","true","all conditions","Tag","Equals","boots","32","","","","","","","","","","","","new-boots, hiking-trail-boots, casual-boots, waterproof-boots"
"345948389554","boots","MERGE","Boots","","Manual","","2025-10-20 05:15:51 -0600","true","2025-08-08 03:55:51 -0600","web","","","","","17","","","Title","Not Contains","clearance","32","","","","","","","","","","","",""
"345948520626","vienna","MERGE","Vienna","","Manual","","2025-10-14 13:53:35 -0600","true","2025-08-08 03:55:51 -0600","web","","","","","18","true","all conditions","Tag","Equals","vienna","1","","","","","","","","","","","",""
"345948422322","sandals","MERGE","Sandals","At the beach, on the trail, or around town – a perfect sandal for every activity.","Manual","","2025-10-20 05:15:51 -0600","true","2025-08-08 03:55:51 -0600","web","","","","","19","true","all conditions","Tag","Equals","sandals","27","","","Barefoot Sandals for All Your Adventures","","","","","","","","diysandals, huarache-sandals, sportsandals, casual",""
"345948553394","ipari","MERGE","Ipari","","Manual","","2025-10-14 13:53:35 -0600","true","2025-08-08 03:55:51 -0600","web","","","","","20","true","all conditions","Tag","Equals","ipari","2","","","","","","","","","","","",""
"345948586162","ready-to-wear-barefoot-sandals","MERGE","Ready To Wear Barefoot Sandals","","Manual","","2025-10-20 05:15:51 -0600","true","2025-08-08 03:55:51 -0600","web","","","","","21","true","all conditions","Tag","Equals","ready-to-wear-barefoot-sandals","11","","","","","","","","","","","",""
"345948618930","accessories","MERGE","Shoe Accessories & Gear","The accessories you need to improve your foot health and strength along with other extras for your Xero Shoes.","Best Selling","","2025-10-20 05:15:51 -0600","true","2025-08-08 03:55:51 -0600","web","","","","","22","true","all conditions","Tag","Equals","accessories","17","","The accessories you need to improve your foot health and strength along with other extras for your Xero Shoes.","","","","","","","","","",""
"345948651698","coalton","MERGE","Coalton","","Manual","","2025-10-14 13:53:35 -0600","true","2025-08-08 03:55:51 -0600","web","","","","","23","true","all conditions","Tag","Equals","coalton","1","","","","","","","","","","","",""
"345948684466","prio","MERGE","Prio","","Manual","","2025-10-20 05:15:51 -0600","true","2025-08-08 03:55:51 -0600","web","","","","","24","true","all conditions","Tag","Equals","prio","17","","","","","","","","","","","",""
"345948782770","sensori-venture","MERGE","NEW! Sensori Venture","","Manual","","2025-10-14 13:53:35 -0600","true","2025-08-08 03:55:51 -0600","web","","","","","25","true","all conditions","Tag","Equals","sensori-venture","2","","","","","","","","","","","",""
"345948717234","shoes","MERGE","Shoes","","Manual","","2025-10-20 05:15:51 -0600","true","2025-08-08 03:55:51 -0600","web","","","","","26","true","all conditions","Tag","Equals","shoes","122","","","","","","","","","","","running-fitness, casual-shoes, hiking",""
"345948815538","new-arrivals","MERGE","New Arrivals","<p>Latest Looks. Same Natural Feel.</p>","Manual","","2025-10-20 05:15:51 -0600","true","2025-08-08 03:55:51 -0600","web","","","","","27","true","all conditions","Tag","Equals","new-arrivals","34","","","","","","","","","","","",""
"345948881074","boaty","MERGE","Boaty","","Manual","","2025-10-14 13:53:36 -0600","true","2025-08-08 03:55:51 -0600","web","","","","","28","true","all conditions","Tag","Equals","boaty","2","","","","","","","","","","","",""
"345948848306","ztrek","MERGE","Z-Trek","","Manual","","2025-10-20 05:15:51 -0600","true","2025-08-08 03:55:51 -0600","web","","","","","29","true","all conditions","Tag","Equals","ztrek","3","","","","","","","","","","","",""
"345948750002","activity","MERGE","Activity","","Manual","","2025-10-20 05:15:51 -0600","true","2025-08-08 03:55:51 -0600","web","","","","","30","true","all conditions","Tag","Equals","activity","82","","","","","","","","","","","performance, lifestyle, hiketrail, water",""
"345948913842","venture","MERGE","Venture","","Manual","","2025-10-14 13:53:36 -0600","true","2025-08-08 03:55:51 -0600","web","","","","","31","true","all conditions","Tag","Equals","venture","2","","","","","","","","","","","",""
"345948946610","ztrail","MERGE","Z-Trail","","Manual","","2025-10-20 05:15:51 -0600","true","2025-08-08 03:55:51 -0600","web","","","","","32","true","all conditions","Tag","Equals","ztrail","9","","","","","","","","","","","",""
"345948979378","dlh","MERGE","Daylite Hiker Fusion","","Manual","","2025-10-20 05:15:51 -0600","true","2025-08-08 03:55:51 -0600","web","","","","","33","true","all conditions","Tag","Equals","dlh","6","","","","","","","","","","","",""
"345949012146","bestsellers","MERGE","Best Sellers","Our most popular barefoot shoe styles. Find the perfect shoe for every activity.","Best Selling","","2025-10-20 05:15:51 -0600","true","2025-08-08 03:55:51 -0600","web","","","","","34","true","all conditions","Tag","Equals","bestsellers","28","","","","","","","","","","","",""
"345949044914","gender","MERGE","Gender","","Manual","","2025-10-20 05:15:51 -0600","true","2025-08-08 03:55:51 -0600","web","","","","","35","true","all conditions","Tag","Equals","gender","47","","","","","","","","","","","mens, womens",""
"345949110450","pacifica","MERGE","Pacifica","","Manual","","2025-10-14 13:53:36 -0600","true","2025-08-08 03:55:51 -0600","web","","","","","36","true","all conditions","Tag","Equals","pacifica","2","","","","","","","","","","","",""
"345949077682","shoe-bundle","MERGE","Shoe Bundle","","Manual","","2025-10-14 13:53:36 -0600","true","2025-08-08 03:55:51 -0600","web","","","","","37","true","all conditions","Tag","Equals","shoe-bundle","0","","","","","","","","","","","ourbestsellers",""
"345949143218","genesis","MERGE","Genesis","","Manual","","2025-10-20 05:15:51 -0600","true","2025-08-08 03:55:51 -0600","web","","","","","38","true","all conditions","Tag","Equals","genesis","4","","","","","","","","","","","",""
"345949175986","diy-kits","MERGE","Do-it-yourself Xero Shoes Kits","","Manual","","2025-10-20 05:15:51 -0600","true","2025-08-08 03:55:51 -0600","web","","","","","39","true","all conditions","Tag","Equals","diy-kits","13","Do-it-yourself Xero Shoes huarache sandal kits","Make your own huraches running sandals with our exclusive do-it-yourself kits. Takes just minutes. Prices start at $16.95...","","","","","","","","","",""
"345949241522","jessie","MERGE","Jessie","","Manual","","2025-10-14 13:53:36 -0600","true","2025-08-08 03:55:51 -0600","web","","","","","40","true","all conditions","Tag","Equals","jessie","0","","","","","","","","","","","",""
"345949274290","hana","MERGE","Hana","","Manual","","2025-10-14 13:53:36 -0600","true","2025-08-08 03:55:51 -0600","web","","","","","41","true","all conditions","Tag","Equals","hana","3","","","","","","","","","","","",""
"345949307058","clearance","MERGE","Clearance","","Manual","","2025-10-20 05:15:51 -0600","true","2025-08-08 03:55:51 -0600","web","","","","","42","true","all conditions","Tag","Equals","clearance","132","","","","","","","","","","","",""
"345949339826","cassie","MERGE","Cassie","","Manual","","2025-10-20 05:15:49 -0600","true","2025-08-08 03:55:51 -0600","web","","","","","43","true","all conditions","Tag","Equals","cassie","2","","","","","","","","","","","",""
"345949208754","decorations","MERGE","Sandal Decorations","","Manual","","2025-10-14 13:53:36 -0600","true","2025-08-08 03:55:51 -0600","web","","","","","44","true","all conditions","Tag","Equals","decorations","49","","","","","","","","","","","beads, pendants-charms, bead-kits, snap-on-beads",""
"345949372594","mens-casual","MERGE","menscasual","","Manual","","2025-10-20 05:15:51 -0600","","","web","","","","","45","true","all conditions","Tag","Equals","mens-casual","38","","","","","","","","","","","",""
"345949405362","spring19","MERGE","spring 19","","Manual","","2025-10-14 13:53:36 -0600","true","2025-08-08 03:55:51 -0600","web","","","","","46","true","all conditions","Tag","Equals","spring19","3","","","","","","","","","","","",""
"345949438130","hanamen","MERGE","HanaMen","","Manual","","2025-10-14 13:53:36 -0600","true","2025-08-08 03:55:51 -0600","web","","","","","47","true","all conditions","Tag","Equals","hanamen","2","","","","","","","","","","","",""
"345949470898","alston","MERGE","Alston","","Manual","","2025-10-14 13:53:36 -0600","true","2025-08-08 03:55:51 -0600","web","","","","","48","true","all conditions","Tag","Equals","alston","1","","","","","","","","","","","",""
"345949503666","naboso","MERGE","naboso","","Manual","","2025-10-18 05:16:50 -0600","true","2025-08-08 03:55:51 -0600","web","","","","","49","true","all conditions","Tag","Equals","naboso","5","","","","","","","","","","","",""
"345949536434","adult-ztrail","MERGE","Z-Trail-adult","","Manual","","2025-10-14 13:53:36 -0600","true","2025-08-08 03:55:51 -0600","web","","","","","50","true","all conditions","Tag","Equals","adult-ztrail","1","","","","","","","","","","","",""
"345949569202","mika","MERGE","Mika","","Manual","","2025-10-16 05:17:11 -0600","true","2025-08-08 03:55:51 -0600","web","","","","","51","true","all conditions","Tag","Equals","mika","2","","","","","","","","","","","",""
"345949601970","toronto","MERGE","Toronto","","Manual","","2025-10-14 13:53:36 -0600","true","2025-08-08 03:55:51 -0600","web","","","","","52","true","all conditions","Tag","Equals","toronto","2","","","","","","","","","","","",""
"345949634738","fall-winter-2020","MERGE","Fall/Winter 2020","","Manual","","2025-10-20 05:15:49 -0600","true","2025-08-08 03:55:51 -0600","web","","","","","53","true","all conditions","Tag","Equals","fall-winter-2020","8","","","","","","","","","","","",""
"345949667506","speedforce","MERGE","Speed Force","","Manual","","2025-10-20 05:15:49 -0600","true","2025-08-08 03:55:51 -0600","web","","","","","54","true","all conditions","Tag","Equals","speedforce","5","","","","","","","","","","","",""
"345949700274","denver","MERGE","Denver","","Manual","","2025-10-14 13:53:37 -0600","true","2025-08-08 03:55:51 -0600","web","","","","","55","true","all conditions","Tag","Equals","denver","3","","","","","","","","","","","",""
"345949733042","melbourne","MERGE","Melbourne","","Manual","","2025-10-14 13:53:37 -0600","true","2025-08-08 03:55:51 -0600","web","","","","","56","true","all conditions","Tag","Equals","melbourne","1","","","","","","","","","","","",""
"345949765810","colorado","MERGE","Colorado","<div style=""min-height:170px"">
<img class=""alignleft wp-image-3172988 size-thumbnail"" src=""https://xeroshoes.com/wp-content/uploads/2020/01/Colorado_Olive_pair-150x150.jpg"" alt="""" width=""150"" height=""150"">
<h1>
<strong>Colorado</strong> -- The water and trail-friendly toe-protective sandal</h1>
</div>
","Manual","","2025-10-14 13:53:37 -0600","true","2025-08-08 03:55:51 -0600","web","","","","","57","true","all conditions","Tag","Equals","colorado","2","The best water and trail friendly covered sandal with toe protection","Imagine a sandal with toe protection, or a shoe with open vents. Something ready for trails, rafts, rivers, paddleboarding and more. See it heer...","","","","","","","","","",""
"345949798578","veracruz","MERGE","Veracruz","","Manual","","2025-10-14 13:53:37 -0600","true","2025-08-08 03:55:51 -0600","web","","","","","58","true","all conditions","Tag","Equals","veracruz","2","","","","","","","","","","","",""
"345949831346","womens-casual","MERGE","womenscasual","","Manual","","2025-10-20 05:15:51 -0600","true","2025-08-08 03:55:51 -0600","web","","","","","59","true","all conditions","Tag","Equals","womens-casual","40","","","","","","","","","","","",""
"345949864114","xcursion","MERGE","Xcursion","","Manual","","2025-10-20 05:15:51 -0600","true","2025-08-08 03:55:51 -0600","web","","","","","60","true","all conditions","Tag","Equals","xcursion","6","","","","","","","","","","","",""
"345949896882","spring2020","MERGE","Spring 2020","","Manual","","2025-10-20 05:15:49 -0600","true","2025-08-08 03:55:51 -0600","web","","","","","61","true","all conditions","Tag","Equals","spring2020","6","","","","","","","","","","","",""
"345949929650","hanawomen","MERGE","HanaWomen","","Manual","","2025-10-14 13:53:37 -0600","true","2025-08-08 03:55:51 -0600","web","","","","","62","true","all conditions","Tag","Equals","hanawomen","1","","","","","","","","","","","",""
"345949962418","nabosotrail","MERGE","Naboso Trail","","Manual","","2025-10-14 13:53:37 -0600","true","2025-08-08 03:55:51 -0600","web","","","","","63","true","all conditions","Tag","Equals","nabosotrail","3","","","","","","","","","","","",""
"345949995186","alpine","MERGE","Alpine","","Manual","","2025-10-20 05:15:51 -0600","true","2025-08-08 03:55:51 -0600","web","","","","","64","true","all conditions","Tag","Equals","alpine","6","","","","","","","","","","","",""
"345950027954","oswego","MERGE","Oswego","","Manual","","2025-10-14 13:53:37 -0600","true","2025-08-08 03:55:51 -0600","web","","","","","65","true","all conditions","Tag","Equals","oswego","1","","","","","","","","","","","",""
"345950060722","phoenix","MERGE","Phoenix","","Manual","","2025-10-20 05:15:51 -0600","true","2025-08-08 03:55:51 -0600","web","","","","","66","true","all conditions","Tag","Equals","phoenix","4","","","","","","","","","","","",""
"345950093490","mesa-trail","MERGE","Mesa Trail","","Manual","","2025-10-20 05:15:51 -0600","true","2025-08-08 03:55:51 -0600","web","","","","","67","true","all conditions","Tag","Equals","mesa-trail","13","","","","","","","","","","","",""
"345950126258","dlhc","MERGE","DayLite Clearance"," 

<strong>Nothing on clearance right now, but we add products to this page periodically, so please check back later!</strong>

 ","Manual","","2025-10-14 13:53:37 -0600","true","2025-08-08 03:55:51 -0600","web","","","","","68","true","all conditions","Tag","Equals","dlhc","4","","","","","","","","","","","",""
"345950159026","hfs","MERGE","HFS","","Manual","","2025-10-20 05:15:51 -0600","true","2025-08-08 03:55:51 -0600","web","","","","","69","true","all conditions","Tag","Equals","hfs","7","","","","","","","","","","","",""
"345950191794","racing","MERGE","racing","","Manual","","2025-10-14 13:53:37 -0600","true","2025-08-08 03:55:51 -0600","web","","","","","70","true","all conditions","Tag","Equals","racing","0","","","","","","","","","","","",""
"345950290098","aptos","MERGE","Aptos","","Manual","","2025-10-14 13:53:37 -0600","true","2025-08-08 03:55:51 -0600","web","","","","","71","true","all conditions","Tag","Equals","aptos","2","","","","","","","","","","","",""
"345950257330","newproducts-mens","MERGE","New Products - Men","<header class=""woocommerce-products-header"">
<div class=""term-description"">

</div>
</header>","Manual","","2025-10-20 05:15:51 -0600","true","2025-08-08 03:55:51 -0600","web","","","","","72","true","all conditions","Tag","Equals","new-arrivals","13","","","","","","","","","","","","mens, bestsellers-mens, top-rated-mens, boots-mens, shoes-mens, sandals-mens, clearance-mens"
"345950257330","newproducts-mens","MERGE","New Products - Men","","Manual","","2025-10-20 05:15:51 -0600","true","2025-08-08 03:55:51 -0600","web","","","","","73","","","Metafield: custom.gender","Equals","Men","13","","","","","","","","","","","",""
"345950322866","sandals-mens","MERGE","Sandals - Men","<span data-sheets-root=""1"">At the beach, around town, or on the trail... do it in style and comfort with Xero Shoes barefoot-inspired sandals for men.</span>","Manual","","2025-10-20 05:15:51 -0600","true","2025-08-08 03:55:51 -0600","web","","","","","74","true","all conditions","Tag","Equals","sandals-mens","9","","","","","","","","","","","","mens, newproducts-mens, bestsellers-mens, top-rated-mens, boots-mens, shoes-mens, clearance-mens"
"345950322866","sandals-mens","MERGE","Sandals - Men","","Manual","","2025-10-20 05:15:51 -0600","true","2025-08-08 03:55:51 -0600","web","","","","","75","","","Title","Not Contains","clearance","9","","","","","","","","","","","",""
"345950388402","bestsellers-mens","MERGE","Men's Best Sellers","","Manual","","2025-10-20 05:15:51 -0600","true","2025-08-08 03:55:51 -0600","web","","","","","76","true","all conditions","Tag","Equals","bestsellers","14","","","","","","","","","","","","mens, newproducts-mens, top-rated-mens, boots-mens, shoes-mens, sandals-mens, clearance-mens"
"345950388402","bestsellers-mens","MERGE","Men's Best Sellers","","Manual","","2025-10-20 05:15:51 -0600","true","2025-08-08 03:55:51 -0600","web","","","","","77","","","Metafield: custom.gender","Equals","men","14","","","","","","","","","","","",""
"345950421170","clearance-womens","MERGE","Clearance - Women","","Best Selling","","2025-10-20 05:15:51 -0600","true","2025-08-08 03:55:51 -0600","web","","","","","78","true","all conditions","Tag","Equals","clearance-womens","67","","","","","","","","","","","",""
"345950355634","newproducts-womens","MERGE","New Products - Women","<header class=""woocommerce-products-header"">
<div class=""term-description"">

</div>
</header>","Manual","","2025-10-20 05:15:51 -0600","true","2025-08-08 03:55:51 -0600","web","","","","","79","true","all conditions","Tag","Equals","new-arrivals","16","","","","","","","","","","","","womens, bestsellers-womens, top-rated-womens, boots-womens, shoes-womens, sandals-womens, clearance-womens"
"345950355634","newproducts-womens","MERGE","New Products - Women","","Manual","","2025-10-20 05:15:51 -0600","true","2025-08-08 03:55:51 -0600","web","","","","","80","","","Metafield: custom.gender","Equals","Women","16","","","","","","","","","","","",""
"345950453938","clearance-mens","MERGE","Clearance - Men","","Manual","","2025-10-20 05:15:51 -0600","true","2025-08-08 03:55:51 -0600","web","","","","","81","true","all conditions","Tag","Equals","clearance-mens","63","","","","","","","","","","","",""
"345950224562","bestsellers-womens","MERGE","Women's Best Sellers","","Manual","","2025-10-20 05:15:51 -0600","true","2025-08-08 03:55:51 -0600","web","","","","","82","true","all conditions","Tag","Equals","bestsellers","14","","","","","","","","","","","","womens, newproducts-womens, top-rated-womens, boots-womens, shoes-womens, sandals-womens, clearance-womens"
"345950224562","bestsellers-womens","MERGE","Women's Best Sellers","","Manual","","2025-10-20 05:15:51 -0600","true","2025-08-08 03:55:51 -0600","web","","","","","83","","","Metafield: custom.gender","Equals","women","14","","","","","","","","","","","",""
"345950486706","sandals-womens","MERGE","Sandals - Women","<span data-sheets-root=""1"">Headed to the beach, walking around town, or exploring a new trail? </span>

<span data-sheets-root=""1"">Do it in style and comfort with Xero Shoes barefoot-inspired sandals for women.</span>","Manual","","2025-10-20 05:15:51 -0600","true","2025-08-08 03:55:51 -0600","web","","","","","84","true","all conditions","Tag","Equals","sandals-womens","10","","","","","","","","","","","","womens, newproducts-womens, bestsellers-womens, top-rated-womens, boots-womens, shoes-womens, clearance-womens"
"345950486706","sandals-womens","MERGE","Sandals - Women","","Manual","","2025-10-20 05:15:51 -0600","true","2025-08-08 03:55:51 -0600","web","","","","","85","","","Title","Not Contains","clearance","10","","","","","","","","","","","",""
"345950519474","onsale","MERGE","On Sale","","Manual","","2025-10-20 05:15:51 -0600","true","2025-08-08 03:55:51 -0600","web","","","","","86","true","all conditions","Tag","Equals","onsale","23","","","","","","","","","","","",""
"345950552242","shoes-mens","MERGE","Shoes - Men","<span data-sheets-root=""1"">Running, hiking, walking, training... whatever your favorite activity, enjoy it more in barefoot-inspired shoes for men.</span>","Best Selling","","2025-10-20 05:15:51 -0600","true","2025-08-08 03:55:52 -0600","web","","","","","87","true","all conditions","Metafield: custom.gender","Equals","men","31","","","","","","","","","","","","mens, newproducts-mens, bestsellers-mens, top-rated-mens, boots-mens, sandals-mens, clearance-mens"
"345950552242","shoes-mens","MERGE","Shoes - Men","","Best Selling","","2025-10-20 05:15:51 -0600","true","2025-08-08 03:55:52 -0600","web","","","","","88","","","Tag","Equals","shoes","31","","","","","","","","","","","",""
"345950585010","spring-2021","MERGE","Spring 2021","","Manual","","2025-10-20 05:15:51 -0600","true","2025-08-08 03:56:43 -0600","web","","","","","89","true","all conditions","Tag","Equals","spring-2021","9","","","","","","","","","","","",""
"345950617778","boots-mens","MERGE","Boots - Men","<span data-sheets-root=""1"">Xero Shoes barefoot-designed boots for men. </span>

<span data-sheets-root=""1"">Our rugged, capable boots come in a range of styles from casual wear to working boots to technical hikers... and more.</span>","Manual","","2025-10-20 05:15:51 -0600","true","2025-08-08 03:56:43 -0600","web","","","","","90","true","all conditions","Tag","Equals","boots","8","","","","","","","","","","","","mens, newproducts-mens, bestsellers-mens, top-rated-mens, shoes-mens, sandals-mens, clearance-mens"
"345950617778","boots-mens","MERGE","Boots - Men","","Manual","","2025-10-20 05:15:51 -0600","true","2025-08-08 03:56:43 -0600","web","","","","","91","","","Metafield: custom.gender","Equals","men","8","","","","","","","","","","","",""
"345950650546","aqua-x-sport","MERGE","Aqua X Sport","","Manual","","2025-10-20 05:15:51 -0600","true","2025-08-08 03:56:43 -0600","web","","","","","92","true","all conditions","Tag","Equals","aqua-x-sport","4","","","","","","","","","","","",""
"345950683314","aqua-cloud","MERGE","Aqua Cloud","","Manual","","2025-10-20 05:15:51 -0600","true","2025-08-08 03:56:43 -0600","web","","","","","93","true","all conditions","Tag","Equals","aqua-cloud","4","","","","","","","","","","","",""
"345950716082","forza-trainer","MERGE","Forza Trainer","The Xero Shoes Forza training shoe has a heel-and-instep lockdown strap for a secure feel and midfoot strap for lateral stability.","Manual","","2025-10-20 05:15:49 -0600","true","2025-08-08 03:56:43 -0600","web","","","","","94","true","all conditions","Tag","Equals","forza-trainer","5","","","","","","","","","","","",""
"345950748850","xcursion-fusion","MERGE","Xcursion Fusion","","Manual","","2025-10-20 05:15:51 -0600","true","2025-08-08 03:56:43 -0600","web","","","","","95","true","all conditions","Tag","Equals","xcursion-fusion","4","","","","","","","","","","","",""
"345950781618","fall-winter-2021","MERGE","Fall/Winter 2021","","Manual","","2025-10-20 05:15:51 -0600","true","2025-08-08 03:56:43 -0600","web","","","","","96","true","all conditions","Tag","Equals","fall-winter-2021","7","","","","","","","","","","","",""
"345950814386","kelso","MERGE","Kelso","","Manual","","2025-10-20 05:15:51 -0600","true","2025-08-08 03:56:43 -0600","web","","","","","97","true","all conditions","Tag","Equals","kelso","4","","","","","","","","","","","",""
"345950879922","shoes-womens","MERGE","Shoes - Women","<span data-sheets-root=""1"">Walking, running, hiking, training... whatever your favorite activity, enjoy it more in barefoot-inspired shoes for women.</span>","Manual","","2025-10-20 05:15:51 -0600","true","2025-08-08 03:56:43 -0600","web","","","","","98","true","all conditions","Tag","Equals","shoes","35","Barefoot Shoes for Women","Shop women's barefoot shoes for casual and performance footwear. Embrace the joy of natural movement and all-day comfort with a 5,000-mile sole warranty.","","","","","","","","","","womens, newproducts-womens, bestsellers-womens, top-rated-womens, boots-womens, sandals-womens, clearance-womens"
"345950879922","shoes-womens","MERGE","Shoes - Women","","Manual","","2025-10-20 05:15:51 -0600","true","2025-08-08 03:56:43 -0600","web","","","","","99","","","Metafield: custom.gender","Equals","women","35","","","","","","","","","","","",""
"345950847154","zelen","MERGE","Zelen","","Manual","","2025-10-20 05:15:51 -0600","true","2025-08-08 03:56:43 -0600","web","","","","","100","true","all conditions","Tag","Equals","zelen","7","","","","","","","","","","","",""
"345950912690","hiking-trail-mens","MERGE","HIking / Trail - Men","","Manual","","2025-10-20 05:15:51 -0600","true","2025-08-08 03:56:43 -0600","web","","","","","101","true","all conditions","Tag","Equals","hiking-trail-mens","21","","","","","","","","","","","","mens, running-fitness-mens, casual-mens, men-training, water-mens"
"345950912690","hiking-trail-mens","MERGE","HIking / Trail - Men","","Manual","","2025-10-20 05:15:51 -0600","true","2025-08-08 03:56:43 -0600","web","","","","","102","","","Title","Not Contains","CLEARANCE","21","","","","","","","","","","","",""
"345950945458","dlh-fusion","MERGE","DLH Fusion","","Manual","","2025-10-14 13:53:38 -0600","true","2025-08-08 03:56:43 -0600","web","","","","","103","true","all conditions","Tag","Equals","dlh-fusion","2","","","","","","","","","","","",""
"345950978226","water-mens","MERGE","Water - Men","","Best Selling","","2025-10-20 05:15:51 -0600","true","2025-08-08 03:56:43 -0600","web","","","","","104","true","all conditions","Tag","Equals","water-mens","7","","","","","","","","","","","","mens, running-fitness-mens, casual-mens, hiking-trail-mens, men-training"
"345950978226","water-mens","MERGE","Water - Men","","Best Selling","","2025-10-20 05:15:51 -0600","true","2025-08-08 03:56:43 -0600","web","","","","","105","","","Title","Not Contains","clearance","7","","","","","","","","","","","",""
"345951010994","boots-womens","MERGE","Boots - Women","Xero Shoes barefoot-designed boots for women.

Capable, stylish boots in a range of designs from casual wear to working boots to technical hikers... and more.","Manual","","2025-10-20 05:15:51 -0600","true","2025-08-08 03:56:43 -0600","web","","","","","106","true","all conditions","Tag","Equals","boots","11","","","","","","","","","","","","womens, newproducts-womens, bestsellers-womens, top-rated-womens, shoes-womens, sandals-womens, clearance-womens"
"345951010994","boots-womens","MERGE","Boots - Women","","Manual","","2025-10-20 05:15:51 -0600","true","2025-08-08 03:56:43 -0600","web","","","","","107","","","Metafield: custom.gender","Equals","women","11","","","","","","","","","","","",""
"345951043762","casual-mens","MERGE","Casual - Men","","Manual","","2025-10-20 05:15:51 -0600","true","2025-08-08 03:56:43 -0600","web","","","","","108","true","all conditions","Tag","Equals","casual-mens","26","","","","","","","","","","","","mens, running-fitness-mens, hiking-trail-mens, men-training, water-mens"
"345951043762","casual-mens","MERGE","Casual - Men","","Manual","","2025-10-20 05:15:51 -0600","true","2025-08-08 03:56:43 -0600","web","","","","","109","","","Title","Not Contains","CLEARANCE","26","","","","","","","","","","","",""
"345951109298","z-trail-ev","MERGE","Z-Trail EV","","Manual","","2025-10-20 05:15:51 -0600","true","2025-08-08 03:56:43 -0600","web","","","","","110","true","all conditions","Tag","Equals","z-trail-ev","4","","","","","","","","","","","",""
"345951142066","spring-2022","MERGE","Spring 2022","","Manual","","2025-10-20 05:15:51 -0600","true","2025-08-08 03:56:43 -0600","web","","","","","111","true","all conditions","Tag","Equals","spring-2022","16","","","","","","","","","","","",""
"345951076530","hiking-trail-womens","MERGE","Hiking / Trail - Women","","Manual","","2025-10-20 05:15:51 -0600","true","2025-08-08 03:56:43 -0600","web","","","","","112","true","all conditions","Tag","Equals","hiking-trail-womens","22","","","","","","","","","","","","womens, running-fitness-mens, casual-womens, women-training, water-womens"
"345951076530","hiking-trail-womens","MERGE","Hiking / Trail - Women","","Manual","","2025-10-20 05:15:51 -0600","true","2025-08-08 03:56:43 -0600","web","","","","","113","","","Title","Not Contains","clearance","22","","","","","","","","","","","",""
"345951174834","denver-leather","MERGE","Denver Leather","","Manual","","2025-10-14 13:53:38 -0600","true","2025-08-08 03:56:43 -0600","web","","","","","114","true","all conditions","Tag","Equals","denver-leather","1","","","","","","","","","","","",""
"345951207602","gracie","MERGE","Gracie","","Manual","","2025-10-20 05:15:49 -0600","true","2025-08-08 03:56:43 -0600","web","","","","","115","true","all conditions","Tag","Equals","gracie","2","","","","","","","","","","","",""
"345951240370","casual-womens","MERGE","Casual - Women","","Manual","","2025-10-20 05:15:51 -0600","true","2025-08-08 03:56:43 -0600","web","","","","","116","true","all conditions","Tag","Equals","casual-womens","30","","","","","","","","","","","","womens, running-fitness-womens, hiking-trail-womens, women-training, water-womens"
"345951240370","casual-womens","MERGE","Casual - Women","","Manual","","2025-10-20 05:15:51 -0600","true","2025-08-08 03:56:43 -0600","web","","","","","117","","","Title","Not Contains","clearance","30","","","","","","","","","","","",""
"345951273138","water-womens","MERGE","Water - Women","","Best Selling","","2025-10-20 05:15:51 -0600","true","2025-08-08 03:56:43 -0600","web","","","","","118","true","all conditions","Tag","Equals","water-womens","11","","","","","","","","","","","","womens, running-fitness-womens, hiking-trail-womens, casual-womens, women-training"
"345951305906","forza-runner","MERGE","Forza Runner","","Manual","","2025-10-20 05:15:51 -0600","true","2025-08-08 03:56:43 -0600","web","","","","","119","true","all conditions","Tag","Equals","forza-runner","4","","","","","","","","","","","",""
"345951338674","360","MERGE","360","","Manual","","2025-10-20 05:15:49 -0600","true","2025-08-08 03:56:43 -0600","web","","","","","120","true","all conditions","Tag","Equals","360","4","","","","","","","","","","","",""
"345951371442","ashland","MERGE","Ashland","","Manual","","2025-10-18 05:16:50 -0600","true","2025-08-08 03:56:43 -0600","web","","","","","121","true","all conditions","Tag","Equals","ashland","3","","","","","","","","","","","",""
"345951404210","running-fitness-womens","MERGE","Running / Fitness - Women","Barefoot-designed running and fitness shoes for women.

Let your feet move how they’re meant to for natural comfort and peak performance.","Manual","","2025-10-20 05:15:51 -0600","true","2025-08-08 03:56:43 -0600","web","","","","","122","true","all conditions","Tag","Equals","running-fitness-womens","16","","","","","","","","","","","","womens, hiking-trail-womens, casual-womens, water-womens, women-training"
"345951404210","running-fitness-womens","MERGE","Running / Fitness - Women","","Manual","","2025-10-20 05:15:51 -0600","true","2025-08-08 03:56:43 -0600","web","","","","","123","","","Title","Not Contains","clearance","16","","","","","","","","","","","",""
"345951436978","mesa-trail-wp","MERGE","Mesa Trail WP","","Manual","","2025-10-20 05:15:51 -0600","true","2025-08-08 03:56:43 -0600","web","","","","","124","true","all conditions","Tag","Equals","mesa-trail-wp","4","","","","","","","","","","","",""
"345951469746","terraflex-ii","MERGE","Terraflex II","","Manual","","2025-10-20 05:15:51 -0600","true","2025-08-08 03:56:43 -0600","web","","","","","125","true","all conditions","Tag","Equals","terraflex-ii","4","","","","","","","","","","","",""
"345951502514","prio-suede","MERGE","Prio Suede","","Manual","","2025-10-20 05:15:49 -0600","true","2025-08-08 03:56:43 -0600","web","","","","","126","true","all conditions","Tag","Equals","prio-suede","4","","","","","","","","","","","",""
"345951535282","scrambler-mid","MERGE","Scrambler Mid","","Manual","","2025-10-20 05:15:51 -0600","true","2025-08-08 03:56:43 -0600","web","","","","","127","true","all conditions","Tag","Equals","scrambler-mid","2","","","","","","","","","","","",""
"345951568050","prio-neo","MERGE","Prio Neo","Xero Shoes Prio Neo is built for everything you do.

Whether you’re working, playing, or resting, the Prio Neo’s barefoot design lets you do it in comfort.","Manual","","2025-10-20 05:15:49 -0600","true","2025-08-08 03:56:43 -0600","web","","","","","128","true","all conditions","Tag","Equals","prio-neo","5","","","","","","","","","","","",""
"345951600818","prio-all-day-sr","MERGE","Prio All-Day SR","","Manual","","2025-10-20 05:15:51 -0600","true","2025-08-08 03:56:43 -0600","web","","","","","129","true","all conditions","Tag","Equals","prio-all-day-sr","2","","","","","","","","","","","",""
"345951633586","running-fitness-mens","MERGE","Running / Fitness - Men","Barefoot-designed running and fitness shoes for men.

Let your feet move how they’re meant to for natural comfort and peak performance.","Manual","","2025-10-20 05:15:51 -0600","true","2025-08-08 03:56:43 -0600","web","","","","","130","true","all conditions","Tag","Equals","running-fitness-mens","14","","","","","","","","","","","","mens, casual-mens, hiking-trail-mens, men-training, water-mens"
"345951633586","running-fitness-mens","MERGE","Running / Fitness - Men","","Manual","","2025-10-20 05:15:51 -0600","true","2025-08-08 03:56:43 -0600","web","","","","","131","","","Title","Not Contains","clearance","14","","","","","","","","","","","",""
"345951666354","dillon","MERGE","Dillon","","Manual","","2025-10-20 05:15:51 -0600","true","2025-08-08 03:56:43 -0600","web","","","","","132","true","all conditions","Tag","Equals","dillon","15","","","","","","","","","","","",""
"345951699122","fall-winter-2022","MERGE","Fall/Winter 2022","","Manual","","2025-10-20 05:15:49 -0600","true","2025-08-08 03:56:43 -0600","web","","","","","133","true","all conditions","Tag","Equals","fall-winter-2022","9","","","","","","","","","","","",""
"345951731890","sunrise","MERGE","Sunrise","","Manual","","2025-10-19 05:16:43 -0600","true","2025-08-08 03:56:43 -0600","web","","","","","134","true","all conditions","Tag","Equals","sunrise","4","","","","","","","","","","","",""
"345951764658","mesa-trail-ii","MERGE","Mesa Trail II","","Manual","","2025-10-20 05:15:49 -0600","true","2025-08-08 03:56:43 -0600","web","","","","","135","true","all conditions","Tag","Equals","mesa-trail-ii","6","","","","","","","","","","","",""
"345951797426","prio-all-day","MERGE","Prio All-Day","","Manual","","2025-10-20 05:15:51 -0600","true","2025-08-08 03:56:43 -0600","web","","","","","136","true","all conditions","Tag","Equals","prio-all-day","4","","","","","","","","","","","",""
"345951830194","spring-summer-2023","MERGE","Spring/Summer 2023","","Manual","","2025-10-20 05:15:51 -0600","true","2025-08-08 03:56:43 -0600","web","","","","","137","true","all conditions","Tag","Equals","spring-summer-2023","13","","","","","","","","","","","",""
"345951862962","glenn","MERGE","Glenn","","Manual","","2025-10-20 05:15:49 -0600","true","2025-08-08 03:56:43 -0600","web","","","","","138","true","all conditions","Tag","Equals","glenn","1","","","","","","","","","","","",""
"345951895730","fall-winter-2023","MERGE","Fall/Winter 2023","","Manual","","2025-10-20 05:15:51 -0600","true","2025-08-08 03:56:44 -0600","web","","","","","139","true","all conditions","Tag","Equals","fall-winter-2023","16","","","","","","","","","","","",""
"345951928498","hfs-ii","MERGE","HFS II","","Manual","","2025-10-20 05:15:49 -0600","true","2025-08-08 03:56:44 -0600","web","","","","","140","true","all conditions","Tag","Equals","hfs-ii","4","","","","","","","","","","","",""
"345951961266","scrambler-low","MERGE","Scrambler Low","","Manual","","2025-10-20 05:15:51 -0600","true","2025-08-08 03:56:44 -0600","web","","","","","141","true","all conditions","Tag","Equals","scrambler-low","7","","","","","","","","","","","",""
"345951994034","speed-force-ii","MERGE","Speed Force II","","Manual","","2025-10-20 05:15:49 -0600","true","2025-08-08 03:56:44 -0600","web","","","","","142","true","all conditions","Tag","Equals","speed-force-ii","4","","","","","","","","","","","",""
"345952026802","nexus-knit","MERGE","Nexus Knit","Lightweight, flexible, and foot-shaped with a breathable, 3D-knit upper, the Nexus Knit brings unparalleled comfort to your workouts and your leisure activities.","Manual","","2025-10-20 05:15:49 -0600","true","2025-08-08 03:56:44 -0600","web","","","","","143","true","all conditions","Tag","Equals","nexus-knit","4","","","","","","","","","","","",""
"345952059570","spring-summer-2024","MERGE","Spring/Summer 2024","","Manual","","2025-10-20 05:15:51 -0600","true","2025-08-08 03:56:44 -0600","web","","","","","144","true","all conditions","Tag","Equals","spring-summer-2024","11","","","","","","","","","","","",""
"345952092338","20-off","MERGE","20% off","","Manual","","2025-10-14 13:53:39 -0600","true","2025-08-08 03:56:44 -0600","web","","","","","145","true","all conditions","Tag","Equals","20-off","0","","","","","","","","","","","",""
"345952125106","born-to-run","MERGE","Born To Run","","Manual","","2025-10-19 05:16:43 -0600","true","2025-08-08 03:56:44 -0600","web","","","","","146","true","all conditions","Tag","Equals","born-to-run","5","","","","","","","","","","","",""
"345952157874","30-off","MERGE","30% off","","Manual","","2025-10-19 05:16:44 -0600","true","2025-08-08 03:56:44 -0600","web","","","","","147","true","all conditions","Tag","Equals","30-off","2","","","","","","","","","","","",""
"345952190642","10-off","MERGE","10% off","","Manual","","2025-10-14 13:53:39 -0600","true","2025-08-08 03:56:44 -0600","web","","","","","148","true","all conditions","Tag","Equals","10-off","1","","","","","","","","","","","",""
"345952223410","pagosa","MERGE","Pagosa","","Manual","","2025-10-20 05:15:49 -0600","true","2025-08-08 03:56:44 -0600","web","","","","","149","true","all conditions","Tag","Equals","pagosa","6","","","","","","","","","","","",""
"345952256178","50-off","MERGE","50% off","","Manual","","2025-10-20 05:15:51 -0600","true","2025-08-08 03:56:44 -0600","web","","","","","150","true","all conditions","Tag","Equals","50-off","10","","","","","","","","","","","",""
"345952288946","70-off","MERGE","70% off","","Manual","","2025-10-19 05:16:43 -0600","true","2025-08-08 03:56:44 -0600","web","","","","","151","true","all conditions","Tag","Equals","70-off","1","","","","","","","","","","","",""
"345952321714","cozy-life","MERGE","Cozy Life","","Manual","","2025-10-20 05:15:49 -0600","true","2025-08-08 03:56:44 -0600","web","","","","","152","true","all conditions","Tag","Equals","cozy-life","9","","","","","","","","","","","",""
"345952354482","ridgeway","MERGE","Ridgeway","","Manual","","2025-10-20 05:15:51 -0600","true","2025-08-08 03:56:44 -0600","web","","","","","153","true","all conditions","Tag","Equals","ridgeway","3","","","","","","","","","","","",""
"345952387250","womens-featured-deals","MERGE","Women's Featured Deals","","Manual","","2025-10-20 05:15:51 -0600","true","2025-08-08 03:56:44 -0600","web","","","","","154","true","all conditions","Tag","Equals","womens-featured-deals","4","","","","","","","","","","","","newproducts-womens, bestsellers-womens, clearance-womens, sandals-womens, shoes-womens, boots-womens, running-fitness-womens, casual-womens, hiking-trail-womens, water-womens, womens-featured-deals, women-training, womens"
"345952420018","40-off","MERGE","40% off","","Manual","","2025-10-14 13:53:40 -0600","true","2025-08-08 03:56:44 -0600","web","","","","","155","true","all conditions","Tag","Equals","40-off","2","","","","","","","","","","","",""
"345952452786","60-off","MERGE","60% off","","Manual","","2025-10-14 13:53:40 -0600","true","2025-08-08 03:56:44 -0600","web","","","","","156","true","all conditions","Tag","Equals","60-off","0","","","","","","","","","","","",""
"345952485554","scrambler-mid-ii-wp","MERGE","Scrambler Mid II WP","","Manual","","2025-10-20 05:15:51 -0600","true","2025-08-08 03:56:44 -0600","web","","","","","157","true","all conditions","Tag","Equals","scrambler-mid-ii-wp","2","","","","","","","","","","","",""
"345952518322","h-trail","MERGE","H-Trail","","Manual","","2025-10-20 05:15:51 -0600","true","2025-08-08 03:56:44 -0600","web","","","","","158","true","all conditions","Tag","Equals","h-trail","4","","","","","","","","","","","",""
"345952551090","women-training","MERGE","Women's Training Shoes","","Manual","","2025-10-20 05:15:49 -0600","true","2025-08-08 03:56:44 -0600","web","","","","","159","true","all conditions","Tag","Equals","women-training","9","","","","","","","","","","","","womens, running-fitness-womens, hiking-trail-womens, casual-womens, water-womens"
"345952583858","mens-featured-deals","MERGE","Men's Featured Deals","","Manual","","2025-10-20 05:15:51 -0600","true","2025-08-08 03:56:44 -0600","web","","","","","160","true","all conditions","Tag","Equals","mens-featured-deals","3","","","","","","","","","","","","newproducts-mens, bestsellers-mens, clearance-mens, sandals-mens, shoes-mens, boots-mens, running-fitness-mens, casual-mens, hiking-trail-mens, water-mens, mens-featured-deals, men-training, mens"
"345952649394","born-to-run-favorite-shoes","MERGE","Born to Run Favorite Shoes","","Manual","","2025-10-20 05:15:51 -0600","true","2025-08-08 03:56:44 -0600","web","","","","","161","true","all conditions","Tag","Equals","born-to-run-favorite-shoes","12","","","","","","","","","","","",""
"345952682162","ridgeway-mesh-low","MERGE","Ridgeway Mesh Low","","Manual","","2025-10-20 05:15:51 -0600","true","2025-08-08 03:56:44 -0600","web","","","","","162","true","all conditions","Tag","Equals","ridgeway-mesh-low","4","","","","","","","","","","","",""
"345952616626","waterproof","MERGE","Waterproof","Xero Shoes waterproof shoes and boots keep your feet dry and comfortable no matter where your adventure takes you.","Manual","","2025-10-20 05:15:51 -0600","true","2025-08-08 03:56:44 -0600","web","","","","","163","true","all conditions","Tag","Equals","waterproof","19","Waterproof Barefoot Shoes & Boots","Xero Shoes waterproof shoes & boots keep your feet dry and comfortable no matter where your adventure takes you.","Waterproof Barefoot Shoes & Boots","","","","","","","","waterproof-mens, waterproof-womens","waterproof"
"345952714930","adventurer-at-heart","MERGE","Adventurer at Heart","","Manual","","2025-10-20 05:15:51 -0600","true","2025-08-08 03:56:44 -0600","web","","","","","164","true","all conditions","Tag","Equals","adventurer-at-heart","13","","","","","","","","","","","",""
"345952747698","scrambler-mid-ii","MERGE","Scrambler Mid II","","Manual","","2025-10-14 13:53:40 -0600","true","2025-08-08 03:56:44 -0600","web","","","","","165","true","all conditions","Tag","Equals","scrambler-mid-ii","4","","","","","","","","","","","",""
"345952780466","ridgeway-chelsea","MERGE","Ridgeway Chelsea","","Manual","","2025-10-20 05:15:49 -0600","true","2025-08-08 03:56:44 -0600","web","","","","","166","true","all conditions","Tag","Equals","ridgeway-chelsea","2","","","","","","","","","","","",""
"345952813234","sandals-womens-summer24","MERGE","Summer Sandals - Women's","","Manual","","2025-10-20 05:15:51 -0600","true","2025-08-08 03:56:44 -0600","web","","","","","167","true","all conditions","Tag","Equals","sandals-womens-summer24","3","","","","","","","","","","","",""
"345952846002","dillon-leather","MERGE","Dillon Leather","","Manual","","2025-10-20 05:15:49 -0600","true","2025-08-08 03:56:44 -0600","web","","","","","168","true","all conditions","Tag","Equals","dillon-leather","2","","","","","","","","","","","",""
"345952878770","dillon-canvas-slip-on","MERGE","Dillon Canvas Slip-On","","Manual","","2025-10-20 05:15:51 -0600","true","2025-08-08 03:56:44 -0600","web","","","","","169","true","all conditions","Tag","Equals","dillon-canvas-slip-on","5","","","","","","","","","","","",""
"345952911538","fall-winter-2024","MERGE","Fall/Winter 2024","Step up your fall wardrobe with new Xero Shoes","Manual","","2025-10-20 05:15:51 -0600","true","2025-08-08 03:56:44 -0600","web","","","","","170","true","all conditions","Tag","Equals","fall-winter-2024","6","New Products for Fall 2024 %%sep%% %%sitename%%","Browse new boots for Fall from Xero Shoes! Get 20% off new Fall styles for 2024. Find new products for men, women and kids.","","","","","","","","","",""
"345952977074","scrambler","MERGE","Scrambler","All Scrambler II products","Manual","","2025-10-20 05:15:51 -0600","true","2025-08-08 03:56:44 -0600","web","","","","","171","true","all conditions","Tag","Equals","scrambler","19","","","","","","","","","","","",""
"345953009842","new-fall-2024-boots","MERGE","New Fall 2024 Boots","","Manual","","2025-10-20 05:15:49 -0600","true","2025-08-08 03:56:44 -0600","web","","","","","172","true","all conditions","Tag","Equals","new-fall-2024-boots","3","","","","","","","","","","","",""
"345952944306","men-training","MERGE","Men's Training Shoes","","Manual","","2025-10-20 05:15:49 -0600","true","2025-08-08 03:56:44 -0600","web","","","","","173","true","all conditions","Tag","Equals","men-training","9","","","","","","","","","","","","mens, running-fitness-mens, casual-mens, hiking-trail-mens, water-mens"
"345952944306","men-training","MERGE","Men's Training Shoes","","Manual","","2025-10-20 05:15:49 -0600","true","2025-08-08 03:56:44 -0600","web","","","","","174","","","Title","Not Contains","clearance","9","","","","","","","","","","","",""
"345953042610","winter","MERGE","Winter Barefoot Boots & Shoes","","Manual","","2025-10-20 05:15:49 -0600","true","2025-08-08 03:56:44 -0600","web","","","","","175","true","all conditions","Tag","Equals","winter","5","","","","","","","","","","","",""
"345953075378","leather","MERGE","Leather","","Manual","","2025-10-14 13:53:40 -0600","true","2025-08-08 03:56:44 -0600","web","","","","","176","true","all conditions","Tag","Equals","leather","0","","","","","","","","","","","",""
"345953140914","kona","MERGE","Kona","","Manual","","2025-10-20 05:15:49 -0600","true","2025-08-08 03:56:44 -0600","web","","","","","177","true","all conditions","Tag","Equals","kona","2","","","","","","","","","","","",""
"345953173682","save-more","MERGE","Save More","Save up to 70% off!","Manual","","2025-10-20 05:15:51 -0600","true","2025-08-08 03:56:44 -0600","web","","","","","178","true","all conditions","Tag","Equals","save-more","49","","","","","","","","","","","",""
"345953271986","bead-kits","MERGE","Bead Kits","","Manual","","2025-10-14 13:53:41 -0600","true","2025-08-08 03:57:36 -0600","web","","","","","179","true","all conditions","Tag","Equals","bead-kits","4","","","","","decorations","","","","","","",""
"345953304754","hfs-original","MERGE","HFS Original","","Manual","","2025-10-20 05:15:51 -0600","true","2025-08-08 03:57:36 -0600","web","","","","","180","true","all conditions","Tag","Equals","hfs-original","2","","","","","","","","","","","",""
"345953108146","so-long-2024","MERGE","So Long 2024 Sale","Up to <span class=""notion-enable-hover"" data-token-index=""2"">70% off</span> select styles<!-- notionvc: 45916620-d743-4690-8ed8-7caa9c817ca6 -->","Manual","","2025-10-20 05:15:51 -0600","true","2025-08-08 03:56:44 -0600","web","","","","","181","true","all conditions","Tag","Equals","so-long-2024","134","So Long 2024! Save 50%+ on Xero Shoes","Help us say So Long 2024! Save 50%+ on select styles PLUS 10% off everything else. Start 2025 in the all-day comfort of barefoot shoes","Save on Xero Shoes","","","","","","","","sale-30-off, sale-70-off, sale-60-off, sale-50-off, sale-40-off",""
"345953337522","family-styles","MERGE","Family Styles","","Manual","","2025-10-20 05:15:51 -0600","true","2025-08-08 03:57:36 -0600","web","","","","","182","true","all conditions","Tag","Equals","family-styles","10","","","","","","","","","","","",""
"345953370290","stock-up","MERGE","Stock Up and Save","","Manual","","2025-10-20 05:15:51 -0600","true","2025-08-08 03:57:36 -0600","web","","","","","183","true","all conditions","Tag","Equals","stock-up","15","","","","","","","","","","","",""
"345953435826","performance","MERGE","Running/Fitness","","Manual","","2025-10-20 05:15:51 -0600","true","2025-08-08 03:57:36 -0600","web","","","","","184","true","all conditions","Tag","Equals","performance","48","","","","","activity","","","","","","",""
"345953468594","simshoes","MERGE","SIM Shoes","Connect with the track like never before in these barefoot-inspired shoes","Manual","","2025-10-20 05:15:51 -0600","true","2025-08-08 03:57:36 -0600","web","","","","","185","true","all conditions","Tag","Equals","simshoes","4","","","","","","","","","","","",""
"345953403058","ourbestsellers","MERGE","Our Best Selling Products","","Manual","","2025-10-14 13:53:41 -0600","true","2025-08-08 03:57:36 -0600","web","","","","","186","true","all conditions","Tag","Equals","ourbestsellers","0","","","","","shoe-bundle","","","","","","",""
"345953501362","dillon-knit","MERGE","Dillon Knit","","Manual","","2025-10-20 05:15:51 -0600","true","2025-08-08 03:57:36 -0600","web","","","","","187","true","all conditions","Tag","Equals","dillon-knit","2","","","","","","","","","","","",""
"345953534130","lifestyle","MERGE","Lifestyle / Casual","","Manual","","2025-10-20 05:15:51 -0600","true","2025-08-08 03:57:36 -0600","web","","","","","188","true","all conditions","Tag","Equals","lifestyle","89","","","","","activity","","","","","","",""
"345953566898","spring-summer-2025","MERGE","Spring/Summer 2025","","Manual","","2025-10-20 05:15:51 -0600","true","2025-08-08 03:57:36 -0600","web","","","","","189","true","all conditions","Tag","Equals","spring-summer-2025","15","","","","","","","","","","","",""
"345953599666","x1","MERGE","X1","","Manual","","2025-10-20 05:15:51 -0600","true","2025-08-08 03:57:36 -0600","web","","","","","190","true","all conditions","Tag","Equals","x1","4","","","","","","","","","","","",""
"345953632434","diysandals","MERGE","DIY Sandal Kits","What could be more fun than making your own custom-designed, barefoot-inspired sandal?

Get a DIY Sandals Kit and create a sandal that’s uniquely you.","Manual","","2025-10-20 05:15:51 -0600","true","2025-08-08 03:57:36 -0600","web","","","","","191","true","all conditions","Tag","Equals","diysandals","8","","","","","sandals","","","","","","",""
"345953697970","huarache-sandals","MERGE","Huarache-style sandals","Minimalist Sandals are mankind’s oldest footwear, with examples that are thousands of years old.

They’re also the simplest — something to protect your soles, plus some way to hold that protection onto your foot.

Don’t confuse huaraches style sandals with flip flops. I’ll explain why in the <a href=""#ewd-ufaq-faq-list"">FAQ section</a> further down the page.","Manual","","2025-10-20 05:15:51 -0600","true","2025-08-08 03:57:36 -0600","web","","","","","192","true","all conditions","Tag","Equals","huarache-sandals","8","","What are huarache minimalist sandals? And what can you do (or NOT do) in them? Can you make a pair? Can kids wear them? Find out here...","Huaraches for Men & Women","","sandals","","","","","","",""
"345953665202","casual","MERGE","Casual","","Manual","","2025-10-20 05:15:51 -0600","true","2025-08-08 03:57:36 -0600","web","","","","","193","true","all conditions","Tag","Equals","casual","41","","","","","sandals","","","","","","",""
"345953730738","casual-shoes","MERGE","Casual","","Manual","","2025-10-20 05:15:51 -0600","true","2025-08-08 03:57:36 -0600","web","","","","","194","true","all conditions","Tag","Equals","casual-shoes","56","","","","","shoes","","","","","","",""
"345953796274","water","MERGE","Water","","Best Selling","","2025-10-20 05:15:51 -0600","true","2025-08-08 03:57:36 -0600","web","","","","","195","true","all conditions","Tag","Equals","water","28","","","","","activity","","","","","","",""
"345953829042","x1-mens","MERGE","Basketball","","Manual","","2025-10-20 05:15:51 -0600","true","2025-08-08 03:57:36 -0600","web","","","","","196","true","all conditions","Tag","Equals","x1-mens","2","","","","","","","","","","","",""
"345953861810","buy-more-save-more","MERGE","Buy More Save More","Buy one pair, save 10%; buy two pairs, save 20%; buy three or more pairs, save 30%","Manual","","2025-10-20 05:15:51 -0600","true","2025-08-08 03:57:36 -0600","web","","","","","197","true","all conditions","Tag","Equals","buy-more-save-more","14","","","Buy More Save More","","","","","","","","",""
"345953763506","mens","MERGE","Men's","Our men’s barefoot shoes let you enjoy the natural movement and comfort of being barefoot without actually going barefoot. Browse our selection.","Manual","","2025-10-20 05:15:51 -0600","true","2025-08-08 03:57:36 -0600","web","","","","","198","true","all conditions","Tag","Equals","mens","59","Barefoot Shoes for Men","Shop men's barefoot shoes for casual and performance footwear. Embrace the joy of natural movement and all-day comfort with a 5,000-mile sole warranty.","Men's Shoes","","gender","","","","","collection_faqs.barefoot-shoes-for-men-101, collection_faqs.mens-barefoot-footwear-for-every-lifestyle, collection_faqs.how-to-safely-transition-to-barefoot-shoes","","newproducts-mens, bestsellers-mens, top-rated-mens, boots-mens, shoes-mens, sandals-mens, clearance-mens"
"345953763506","mens","MERGE","Men's","","Manual","","2025-10-20 05:15:51 -0600","true","2025-08-08 03:57:36 -0600","web","","","","","199","","","Title","Not Contains","clearance","59","","","","","","","","","","","",""
"345953894578","sim-racing-others","MERGE","Sim Racing Others","","Manual","","2025-10-20 05:15:51 -0600","true","2025-08-08 03:57:36 -0600","web","","","","","200","true","all conditions","Tag","Equals","sim-racing-others","9","","","","","","","","","","","",""
"345953927346","snap-on-beads","MERGE","Snap-on Beads","","Manual","","2025-10-14 13:53:42 -0600","true","2025-08-08 03:57:36 -0600","web","","","","","201","true","all conditions","Tag","Equals","snap-on-beads","21","","","","","decorations","","","","","","",""
"345953960114","test-countdown","MERGE","test countdown","For a limited time, <strong>save 20%</strong> on new spring products!

[INSERT_ELEMENTOR_PDP id=""7635901""]","Manual","","2025-10-14 13:53:42 -0600","true","2025-08-08 03:57:36 -0600","web","","","","","202","true","all conditions","Tag","Equals","test-countdown","0","","","","","","","","","","","",""
"345953992882","x1-womens","MERGE","Basketball","","Manual","","2025-10-20 05:15:51 -0600","true","2025-08-08 03:57:36 -0600","web","","","","","203","true","all conditions","Tag","Equals","x1-womens","2","","","","","","","","","","","",""
"345954025650","running-fitness","MERGE","Running/Fitness","<p>Your feet are your body’s foundation.</p>
<p>Barefoot-designed running and fitness shoes let your feet move how they’re meant to for natural comfort and peak performance.</p>","Manual","","2025-10-20 05:15:51 -0600","true","2025-08-08 03:57:36 -0600","web","","","","","204","true","all conditions","Tag","Equals","running-fitness","42","","","","","shoes","","","","","","",""
"345954058418","hiking","MERGE","Hiking","<p>From foothills to mountaintops - explore in confidence with lightweight, durable hikers.</p>","Manual","","2025-10-20 05:15:51 -0600","true","2025-08-08 03:57:36 -0600","web","","","","","205","true","all conditions","Tag","Equals","hiking","38","","","Barefoot Hiking & Trail Shoes","","shoes","","","","","","",""
"345954058418","hiking","MERGE","Hiking","","Manual","","2025-10-20 05:15:51 -0600","true","2025-08-08 03:57:36 -0600","web","","","","","206","","","Title","Not Contains","clearance","38","","","","","","","","","","","",""
"345954091186","t-shirts","MERGE","T-Shirts","","Manual","","2025-10-14 13:53:42 -0600","true","2025-08-08 03:57:36 -0600","web","","","","","207","true","all conditions","Tag","Equals","t-shirts","2","","","","","merch","","","","","","",""
"345954123954","sportsandals","MERGE","Sport Sandals","","Manual","","2025-10-20 05:15:51 -0600","true","2025-08-08 03:57:36 -0600","web","","","","","208","true","all conditions","Tag","Equals","sportsandals","11","","","","","sandals","","","","","","",""
"345954156722","wynn","MERGE","Wynn","","Manual","","2025-10-20 05:15:51 -0600","true","2025-08-08 03:57:36 -0600","web","","","","","209","true","all conditions","Tag","Equals","wynn","2","","","","","","","","","","","",""
"345954189490","pendants-charms","MERGE","Pendants & Charms","","Manual","","2025-10-14 13:53:42 -0600","true","2025-08-08 03:57:36 -0600","web","","","","","210","true","all conditions","Tag","Equals","pendants-charms","15","","","","","decorations","","","","","","",""
"345954222258","waterproof-womens","MERGE","Waterproof - Womens","Women's waterproof shoes and boots keep your feet dry and comfortable no matter where your adventure takes you.","Manual","","2025-10-20 05:15:51 -0600","true","2025-08-08 03:57:36 -0600","web","","","","","211","true","all conditions","Tag","Equals","waterproof-womens","8","","","Women's Barefoot Boots & Shoes","","waterproof","","","","","","",""
"345954255026","hiketrail","MERGE","Hike/Trail","","Manual","","2025-10-20 05:15:51 -0600","true","2025-08-08 03:57:36 -0600","web","","","","","212","true","all conditions","Tag","Equals","hiketrail","58","","","","","activity","","","","","","",""
"345954287794","sale-30-off","MERGE","30% off","Up to <strong>70% off</strong> select styles <strong>PLUS 10%</strong> off everything else!","Manual","","2025-10-20 05:15:51 -0600","true","2025-08-08 03:57:36 -0600","web","","","","","213","true","all conditions","Tag","Equals","sale-30-off","5","","","The BIGGEST Xero Sale of 2024!","","so-long-2024","","","","","","","sale-30-off, sale-70-off, sale-60-off, sale-50-off, sale-40-off"
"345954353330","sale-50-off","MERGE","50% off","Up to <strong>70% off</strong> select styles <strong>PLUS 10%</strong> off everything else!","Manual","","2025-10-20 05:15:51 -0600","true","2025-08-08 03:57:36 -0600","web","","","","","214","true","all conditions","Tag","Equals","sale-50-off","27","","","The BIGGEST Xero Sale of 2024!","","so-long-2024","","","","","","","sale-30-off, sale-70-off, sale-60-off, sale-50-off, sale-40-off"
"345954320562","womens","MERGE","Women's","<span style=""font-weight: 400"">Our women’s barefoot shoes let you enjoy the natural movement and comfort of being barefoot without actually going barefoot. Browse our selection.</span>","Best Selling","","2025-10-20 05:15:51 -0600","true","2025-08-08 03:57:36 -0600","web","","","","","215","true","all conditions","Tag","Equals","womens","63","Barefoot Shoes for Women","Shop women's barefoot shoes for casual and performance footwear. Embrace the joy of natural movement and all-day comfort with a 5,000-mile sole warranty.","Women's Shoes","","gender","","","","","collection_faqs.barefoot-shoes-for-women-101, collection_faqs.womens-barefoot-footwear-for-every-activity-lifestyle-1, collection_faqs.how-to-safely-transition-to-womens-barefoot-shoes","","newproducts-womens, bestsellers-womens, top-rated-womens, boots-womens, shoes-womens, sandals-womens, clearance-womens"
"345954320562","womens","MERGE","Women's","","Best Selling","","2025-10-20 05:15:51 -0600","true","2025-08-08 03:57:36 -0600","web","","","","","216","","","Title","Not Contains","clearance","63","","","","","","","","","","","",""
"345954386098","sale-60-off","MERGE","60% off","Up to <strong>70% off</strong> select styles <strong>PLUS 10%</strong> off everything else!","Manual","","2025-10-20 05:15:51 -0600","true","2025-08-08 03:57:36 -0600","web","","","","","217","true","all conditions","Tag","Equals","sale-60-off","31","","","The BIGGEST Xero Sale of 2024!","","so-long-2024","","","","","","","sale-30-off, sale-70-off, sale-60-off, sale-50-off, sale-40-off"
"345954418866","sale-70-off","MERGE","70% off","Up to <strong>70% off</strong> select styles <strong>PLUS 10%</strong> off everything else!","Manual","","2025-10-20 05:15:51 -0600","true","2025-08-08 03:57:36 -0600","web","","","","","218","true","all conditions","Tag","Equals","sale-70-off","32","","","The BIGGEST Xero Sale of 2024!","","so-long-2024","","","","","","","sale-30-off, sale-70-off, sale-60-off, sale-50-off, sale-40-off"
"345954451634","beads","MERGE","Beads","","Manual","","2025-10-14 13:53:42 -0600","true","2025-08-08 03:57:36 -0600","web","","","","","219","true","all conditions","Tag","Equals","beads","10","","","","","decorations","","","","","","",""
"345954484402","sale-40-off","MERGE","40% off","Up to <strong>70% off</strong> select styles <strong>PLUS 10%</strong> off everything else!","Manual","","2025-10-20 05:15:49 -0600","true","2025-08-08 03:57:36 -0600","web","","","","","220","true","all conditions","Tag","Equals","sale-40-off","6","","","The BIGGEST Xero Sale of 2024!","","so-long-2024","","","","","","","sale-30-off, sale-70-off, sale-60-off, sale-50-off, sale-40-off"
"345954517170","waterproof-mens","MERGE","Waterproof - Mens","Mens waterproof shoes and boots keep your feet dry and comfortable no matter where your adventure takes you.","Manual","","2025-10-20 05:15:51 -0600","","","web","","","","","221","true","all conditions","Tag","Equals","waterproof-mens","8","","","Men's Barefoot Boots & Shoes","","waterproof","","","","","","","mens, running-fitness-mens, hiking-trail-mens, casual-mens"
"345955205298","kids","MERGE","Kids","A kid’s foot isn’t just a miniature version of an adult’s.

Xero Shoes kid and youth styles are made with an ergonomic fit tailored for children’s feet.","Manual","","2025-10-20 05:15:51 -0600","true","2025-08-08 04:20:55 -0600","web","","","","","222","true","all conditions","Tag","Equals","kids","9","","","","","","","","","","","big-kids, little-kids","big-kids, little-kids"
"346377453746","back-to-school","MERGE","Back to School","From pre-K to parent-teacher conferences, we've got barefoot shoes for every age — designed for comfort, durability, and confidence in the classroom.","Manual","","2025-10-20 05:15:51 -0600","true","2025-08-14 05:57:13 -0600","web","","","","","223","true","all conditions","Tag","Equals","back-to-school","12","","","","","","","","","","","",""
"346377420978","little-kids","MERGE","Little Kids (C6-C11)","<p>Natural movement shoes for healthy, growing feet.</p>","Manual","","2025-10-20 05:15:51 -0600","true","2025-08-14 05:57:13 -0600","web","","","","","224","true","all conditions","Tag","Equals","little-kids","3","","","Little Kids","","kids","","","","","","","big-kids, little-kids"
"346377486514","big-kids","MERGE","Big Kids (C12-Y4)","Find the perfect fit for older children (12C-4Y)","Manual","","2025-10-20 05:15:51 -0600","true","2025-08-14 05:57:13 -0600","web","","","","","225","true","all conditions","Tag","Equals","big-kids","6","","","Big Kids","","kids","","","","","","","big-kids, little-kids"
"348723970226","new-boots","MERGE","New Boots","","Best Selling","","2025-10-20 05:15:51 -0600","true","2025-09-22 15:28:42 -0600","global","","","","","226","true","all conditions","Tag","Equals","new-arrivals","14","","","","","","","","","","","","boots, hiking-trail-boots, casual-boots, waterproof-boots"
"348723970226","new-boots","MERGE","New Boots","","Best Selling","","2025-10-20 05:15:51 -0600","true","2025-09-22 15:28:42 -0600","global","","","","","227","","","Tag","Equals","boots","14","","","","","","","","","","","",""
"348724166834","casual-boots","MERGE","Casual Boots","","Manual","","2025-10-20 05:15:51 -0600","true","2025-09-22 15:38:04 -0600","global","","","","","228","true","all conditions","Tag","Equals","boots","17","","","","","","","","","","","","boots, new-boots, hiking-trail-boots, waterproof-boots"
"348724166834","casual-boots","MERGE","Casual Boots","","Manual","","2025-10-20 05:15:51 -0600","true","2025-09-22 15:38:04 -0600","global","","","","","229","","","Tag","Equals","casual","17","","","","","","","","","","","",""
"348724330674","hiking-trail-boots","MERGE","Hiking & Trail Boots","","Best Selling","","2025-10-20 05:15:51 -0600","true","2025-09-22 15:47:42 -0600","global","","","","","230","true","all conditions","Tag","Equals","hiking","18","","","","","","","","","","","","boots, new-boots, casual-boots, waterproof-boots"
"348724330674","hiking-trail-boots","MERGE","Hiking & Trail Boots","","Best Selling","","2025-10-20 05:15:51 -0600","true","2025-09-22 15:47:42 -0600","global","","","","","231","","","Tag","Equals","boots","18","","","","","","","","","","","",""
"348724330674","hiking-trail-boots","MERGE","Hiking & Trail Boots","","Best Selling","","2025-10-20 05:15:51 -0600","true","2025-09-22 15:47:42 -0600","global","","","","","232","","","Title","Not Contains","clearance","18","","","","","","","","","","","",""
"348724494514","waterproof-boots","MERGE","Waterproof Boots","","Best Selling","","2025-10-20 05:15:51 -0600","true","2025-09-22 15:56:00 -0600","global","","","","","233","true","all conditions","Tag","Equals","boots","15","","","","","","","","","","","","boots, new-boots, hiking-trail-boots, casual-boots"
"348724494514","waterproof-boots","MERGE","Waterproof Boots","","Best Selling","","2025-10-20 05:15:51 -0600","true","2025-09-22 15:56:00 -0600","global","","","","","234","","","Tag","Equals","waterproof","15","","","","","","","","","","","",""
"349432545458","training-shoes","MERGE","Training Shoes","","Best Selling","","2025-10-20 05:15:49 -0600","true","2025-10-06 13:02:44 -0600","global","","","","","235","true","all conditions","Tag","Equals","training","14","","","","","","","","","","","",""
"349533831346","alpine-kids","MERGE","Alpine Kids","","Best Selling","","2025-10-20 05:15:51 -0600","true","2025-10-09 11:28:18 -0600","global","","","","","236","true","all conditions","Title","Contains","alpine","2","","","","","","","","","","","",""
"349533831346","alpine-kids","MERGE","Alpine Kids","","Best Selling","","2025-10-20 05:15:51 -0600","true","2025-10-09 11:28:18 -0600","global","","","","","237","","","Title","Contains","kids","2","","","","","","","","","","","",""
