"ID","Handle","Command","Title","Body HTML","Sort Order","Template Suffix","Updated At","Published","Published At","Published Scope","Image Src","Image Width","Image Height","Image Alt Text","Row #","Top Row","Must Match","Rule: Product Column","Rule: Relation","Rule: Condition","Products Count","Metafield: title_tag [string]","Metafield: description_tag [string]","Metafield: collection.marketing_h1 [single_line_text_field]","Metafield: collection.sub_categories [list.collection_reference]","Metafield: collection.parent_category [collection_reference]","Metafield: collection.child_collections [list.collection_reference]","Metafield: collection.collection_bottom_description [list.metaobject_reference]","Metafield: collection.below_category_content [rich_text_field]","Metafield: collection.promo_block_1 [metaobject_reference]","Metafield: collection.promo_block_2 [metaobject_reference]","Metafield: collection.promo_block_3 [metaobject_reference]","Metafield: collection.promo_block_4 [metaobject_reference]"
"310339141769","boots","MERGE","Boots","","Manual","","2025-10-23 13:18:14 +0200","true","2025-10-13 07:55:32 +0200","web","","","","","1","true","all conditions","Tag","Equals","boots","32","","","","","","","","","","","",""
"310339141769","boots","MERGE","Boots","","Manual","","2025-10-23 13:18:14 +0200","true","2025-10-13 07:55:32 +0200","web","","","","","2","","","Title","Not Contains","clearance","32","","","","","","","","","","","",""
"310339109001","uncategorized","MERGE","Uncategorized","","Manual","","2025-10-21 13:18:01 +0200","true","2025-10-13 07:55:08 +0200","web","","","","","3","true","all conditions","Tag","Equals","uncategorized","2","","","","","","","","","","","",""
"310339207305","accessories","MERGE","Shoe Accessories & Gear","<p>The accessories you need to improve your foot health and strength along with other extras for your Xero Shoes.</p>","Best Selling","","2025-10-21 13:18:01 +0200","true","2025-10-13 07:55:32 +0200","web","","","","","4","true","all conditions","Tag","Equals","accessories","6","","","","","","","","","","","",""
"310339174537","kids","MERGE","Kids","<p>A kid’s foot isn’t just a miniature version of an adult’s.</p>

<p>Xero Shoes kid and youth styles are made with an ergonomic fit tailored for children’s feet.</p>","Manual","","2025-10-17 07:09:36 +0200","true","2025-10-13 07:55:32 +0200","web","","","","","5","true","all conditions","Tag","Equals","kids","9","","","","kids, little-kids, big-kids","","little-kids, big-kids","","","","","",""
"310339240073","sandals","MERGE","Sandals","<p>At the beach, on the trail, or around town – a perfect sandal for every activity.</p>","Manual","","2025-10-23 13:18:14 +0200","true","2025-10-13 07:55:32 +0200","web","","","","","6","true","all conditions","Tag","Equals","sandals","25","","","","","","sportsandals, huarache-sandals, casual-sandals","","","","","",""
"310339371145","hiking-trail-mens","MERGE","Hiking / Trail - Men","","Manual","","2025-10-23 13:18:14 +0200","true","2025-10-13 07:58:39 +0200","web","","","","","7","true","all conditions","Tag","Equals","hiking-trail-mens","24","","","","","","","","","","","",""
"310339371145","hiking-trail-mens","MERGE","Hiking / Trail - Men","","Manual","","2025-10-23 13:18:14 +0200","true","2025-10-13 07:58:39 +0200","web","","","","","8","","","Title","Not Contains","CLEARANCE","24","","","","","","","","","","","",""
"310339272841","shoes","MERGE","Shoes","","Manual","","2025-10-23 13:18:14 +0200","true","2025-10-13 07:55:33 +0200","web","","","","","9","true","all conditions","Tag","Equals","shoes","115","","","","","","hiking, casual, shoes-running-fitness","","","","","",""
"310339403913","gear","MERGE","Gear","","Manual","","2025-10-13 20:33:13 +0200","true","2025-10-13 07:58:39 +0200","web","","","","","10","true","all conditions","Tag","Equals","gear","0","","","","","","","","","","","",""
"310339436681","shoes-mens","MERGE","Shoes - Men","","Manual","","2025-10-23 13:18:14 +0200","true","2025-10-13 07:58:39 +0200","web","","","","","11","true","all conditions","Tag","Equals","shoes-mens","53","","","","","","","","","","","",""
"310339338377","activity","MERGE","Activity","","Manual","","2025-10-23 13:18:14 +0200","true","2025-10-13 07:58:39 +0200","web","","","","","12","true","all conditions","Tag","Equals","activity","78","","","","","","running-fitness, hiketrail, water, lifestyle","","","","","",""
"310339469449","casual-mens","MERGE","Casual - Men","","Manual","","2025-10-23 13:18:14 +0200","true","2025-10-13 07:58:39 +0200","web","","","","","13","true","all conditions","Tag","Equals","casual-mens","28","","","","","","","","","","","",""
"310339469449","casual-mens","MERGE","Casual - Men","","Manual","","2025-10-23 13:18:14 +0200","true","2025-10-13 07:58:39 +0200","web","","","","","14","","","Title","Not Contains","CLEARANCE","28","","","","","","","","","","","",""
"310339502217","sandals-womens","MERGE","Sandals - Women","<span data-sheets-root=""1"">Headed to the beach, walking around town, or exploring a new trail? </span>

<span data-sheets-root=""1"">Do it in style and comfort with Xero Shoes barefoot-inspired sandals for women.</span>","Manual","","2025-10-23 13:18:14 +0200","true","2025-10-13 07:58:39 +0200","web","","","","","15","true","all conditions","Tag","Equals","sandals-womens","8","","","","","","","","","","","",""
"310339502217","sandals-womens","MERGE","Sandals - Women","","Manual","","2025-10-23 13:18:14 +0200","true","2025-10-13 07:58:39 +0200","web","","","","","16","","","Title","Not Contains","clearance","8","","","","","","","","","","","",""
"310339534985","sandals-mens","MERGE","Sandals - Men","<span data-sheets-root=""1"">At the beach, around town, or on the trail... do it in style and comfort with Xero Shoes barefoot-inspired sandals for men.</span>","Manual","","2025-10-23 13:18:14 +0200","true","2025-10-13 07:58:39 +0200","web","","","","","17","true","all conditions","Tag","Equals","sandals-mens","9","","","","","","","","","","","",""
"310339534985","sandals-mens","MERGE","Sandals - Men","","Manual","","2025-10-23 13:18:14 +0200","true","2025-10-13 07:58:39 +0200","web","","","","","18","","","Title","Not Contains","clearance","9","","","","","","","","","","","",""
"310339567753","foot-care","MERGE","Foot Strength & Balance","","Manual","","2025-10-21 13:18:01 +0200","true","2025-10-13 07:58:39 +0200","web","","","","","19","true","all conditions","Tag","Equals","foot-care","6","","","","","","","","","","","",""
"310339600521","on-sale","MERGE","On Sale","","Manual","","2025-10-21 13:18:02 +0200","true","2025-10-13 07:58:39 +0200","web","","","","","20","true","all conditions","Tag","Equals","on-sale","11","","","","","","","","","","","",""
"310339633289","bestsellers-mens","MERGE","Men's Best Sellers","","Manual","","2025-10-23 13:18:14 +0200","true","2025-10-13 07:58:39 +0200","web","","","","","21","true","all conditions","Tag","Equals","bestsellers-mens","15","","","","","","","","","","","",""
"310339666057","alpine","MERGE","Alpine","","Manual","","2025-10-21 13:18:02 +0200","true","2025-10-13 07:58:39 +0200","web","","","","","22","true","all conditions","Tag","Equals","alpine","6","","","","","","","","","","","",""
"310339698825","bestsellers-womens","MERGE","Women's Best Sellers","","Manual","","2025-10-23 13:18:14 +0200","true","2025-10-13 07:58:39 +0200","web","","","","","23","true","all conditions","Tag","Equals","bestsellers-womens","14","","","","","","","","","","","",""
"310339731593","water-mens","MERGE","Water - Men","","Best Selling","","2025-10-23 13:18:14 +0200","true","2025-10-13 07:58:39 +0200","web","","","","","24","true","all conditions","Tag","Equals","water-mens","9","","","","","","","","","","","",""
"310339731593","water-mens","MERGE","Water - Men","","Best Selling","","2025-10-23 13:18:14 +0200","true","2025-10-13 07:58:39 +0200","web","","","","","25","","","Title","Not Contains","clearance","9","","","","","","","","","","","",""
"310339797129","hiking-trail-womens","MERGE","Hiking / Trail - Women","","Manual","","2025-10-23 13:18:14 +0200","true","2025-10-13 07:58:39 +0200","web","","","","","26","true","all conditions","Tag","Equals","hiking-trail-womens","20","","","","","","","","","","","",""
"310339797129","hiking-trail-womens","MERGE","Hiking / Trail - Women","","Manual","","2025-10-23 13:18:14 +0200","true","2025-10-13 07:58:39 +0200","web","","","","","27","","","Title","Not Contains","clearance","20","","","","","","","","","","","",""
"310339829897","boots-mens","MERGE","Boots - Men","","Manual","","2025-10-23 13:18:14 +0200","true","2025-10-13 07:58:39 +0200","web","","","","","28","true","all conditions","Tag","Equals","boots-mens","16","","","","","","","","","","","",""
"310339764361","gender","MERGE","Gender","","Manual","","2025-10-23 13:18:14 +0200","true","2025-10-13 07:58:39 +0200","web","","","","","29","true","all conditions","Tag","Equals","gender","50","","","","","","mens, womens","","","","","",""
"310339862665","running-fitness-mens","MERGE","Running / Fitness - Men","<p>Barefoot-designed running and fitness shoes for men.</p>

<p>Let your feet move how they’re meant to for natural comfort and peak performance.</p>","Manual","","2025-10-23 13:18:14 +0200","true","2025-10-13 07:58:39 +0200","web","","","","","30","true","all conditions","Tag","Equals","running-fitness-mens","17","","","","","","","","","","","",""
"310339862665","running-fitness-mens","MERGE","Running / Fitness - Men","","Manual","","2025-10-23 13:18:14 +0200","true","2025-10-13 07:58:39 +0200","web","","","","","31","","","Title","Not Contains","clearance","17","","","","","","","","","","","",""
"310339895433","closed-toe-shoes","MERGE","Closed-Toe Shoes","","Manual","","2025-10-23 13:18:14 +0200","true","2025-10-13 07:58:39 +0200","web","","","","","32","true","all conditions","Tag","Equals","closed-toe-shoes","101","","","","","","","","","","","",""
"310339928201","shoes-womens","MERGE","Shoes - Women","","Manual","","2025-10-23 13:18:14 +0200","true","2025-10-13 07:58:39 +0200","web","","","","","33","true","all conditions","Tag","Equals","shoes-womens","51","","","","","","","","","","","",""
"310339960969","gift-certificates","MERGE","Gift Certificates","","Manual","","2025-10-13 20:33:14 +0200","true","2025-10-13 07:58:39 +0200","web","","","","","34","true","all conditions","Tag","Equals","gift-certificates","0","","","","","","","","","","","",""
"310339993737","newproducts-mens","MERGE","New Products - Men","<header class=""woocommerce-products-header"">
<div class=""term-description""><header class=""woocommerce-products-header"">
<div class=""term-description"">

</div>
</header></div>
</header>","Manual","","2025-10-23 13:18:14 +0200","true","2025-10-13 07:58:39 +0200","web","","","","","35","true","all conditions","Tag","Equals","newproducts-mens","10","","","","","","","","","","","",""
"310340026505","new-arrivals","MERGE","New Arrivals","<p>Latest Looks. Same Natural Feel.</p>","Manual","","2025-10-23 13:18:14 +0200","true","2025-10-13 07:58:39 +0200","web","","","","","36","true","all conditions","Tag","Equals","new-arrivals","34","","","","","","","","","","","",""
"310340059273","alston","MERGE","Alston","","Manual","","2025-10-20 13:16:52 +0200","true","2025-10-13 07:58:39 +0200","web","","","","","37","true","all conditions","Tag","Equals","alston","1","","","","","","","","","","","",""
"310340092041","boots-womens","MERGE","Boots - Women","","Manual","","2025-10-23 13:18:14 +0200","true","2025-10-13 07:58:39 +0200","web","","","","","38","true","all conditions","Tag","Equals","boots-womens","17","","","","","","","","","","","",""
"310340124809","newproducts-womens","MERGE","New Products - Women","<header class=""woocommerce-products-header"">
<div class=""term-description""><header class=""woocommerce-products-header"">
<div class=""term-description"">


</div>
</header></div>
</header>","Manual","","2025-10-23 13:18:14 +0200","true","2025-10-13 07:58:39 +0200","web","","","","","39","true","all conditions","Tag","Equals","newproducts-womens","15","","","","","","","","","","","",""
"310340157577","running-fitness-womens","MERGE","Running / Fitness - Women","<p>Barefoot-designed running and fitness shoes for women.</p>

<p>Let your feet move how they’re meant to for natural comfort and peak performance.</p>","Manual","","2025-10-23 13:18:14 +0200","true","2025-10-13 07:58:39 +0200","web","","","","","40","true","all conditions","Tag","Equals","running-fitness-womens","18","","","","","","","","","","","",""
"310340157577","running-fitness-womens","MERGE","Running / Fitness - Women","","Manual","","2025-10-23 13:18:14 +0200","true","2025-10-13 07:58:39 +0200","web","","","","","41","","","Title","Not Contains","clearance","18","","","","","","","","","","","",""
"310340190345","casual-womens","MERGE","Casual - Women","","Manual","","2025-10-23 13:18:14 +0200","true","2025-10-13 07:58:39 +0200","web","","","","","42","true","all conditions","Tag","Equals","casual-womens","28","","","","","","","","","","","",""
"310340190345","casual-womens","MERGE","Casual - Women","","Manual","","2025-10-23 13:18:14 +0200","true","2025-10-13 07:58:39 +0200","web","","","","","43","","","Title","Not Contains","clearance","28","","","","","","","","","","","",""
"310340223113","prio-all-day","MERGE","Prio All-Day","","Manual","","2025-10-21 13:18:02 +0200","true","2025-10-13 07:58:39 +0200","web","","","","","44","true","all conditions","Tag","Equals","prio-all-day","5","","","","","","","","","","","",""
"310340288649","spring-2020","MERGE","Spring 2020","","Manual","","2025-10-17 07:50:38 +0200","true","2025-10-13 07:58:39 +0200","web","","","","","45","true","all conditions","Tag","Equals","spring-2020","2","","","","","","","","","","","",""
"310340255881","dlh-fusion","MERGE","DLH Fusion","","Manual","","2025-10-23 13:18:13 +0200","true","2025-10-13 07:58:39 +0200","web","","","","","46","true","all conditions","Tag","Equals","dlh-fusion","2","","","","","","","","","","","",""
"310340321417","water-womens","MERGE","Water - Women","","Best Selling","","2025-10-21 13:18:02 +0200","true","2025-10-13 07:58:39 +0200","web","","","","","47","true","all conditions","Tag","Equals","water-womens","11","","","","","","","","","","","",""
"310340354185","fall-winter-2020","MERGE","Fall/Winter 2020","","Manual","","2025-10-21 13:18:02 +0200","true","2025-10-13 07:58:39 +0200","web","","","","","48","true","all conditions","Tag","Equals","fall-winter-2020","8","","","","","","","","","","","",""
"310340386953","donate","MERGE","Support the Tarahumara","","Manual","","2025-10-20 13:16:52 +0200","true","2025-10-13 07:58:39 +0200","web","","","","","49","true","all conditions","Tag","Equals","donate","1","","","","","","","","","","","",""
"310340419721","fall-winter-2021","MERGE","Fall/Winter 2021","","Manual","","2025-10-21 13:18:01 +0200","true","2025-10-13 07:58:39 +0200","web","","","","","50","true","all conditions","Tag","Equals","fall-winter-2021","7","","","","","","","","","","","",""
"310340452489","aqua-x-sport","MERGE","Aqua X Sport","","Manual","","2025-10-21 13:18:01 +0200","true","2025-10-13 07:58:39 +0200","web","","","","","51","true","all conditions","Tag","Equals","aqua-x-sport","4","","","","","","","","","","","",""
"310340485257","spring-2021","MERGE","Spring 2021","","Manual","","2025-10-23 13:18:14 +0200","true","2025-10-13 07:58:39 +0200","web","","","","","52","true","all conditions","Tag","Equals","spring-2021","10","","","","","","","","","","","",""
"310340518025","colorado","MERGE","Colorado","<div style=""min-height:170px"">
<img class=""alignleft wp-image-3172988 size-thumbnail"" src=""https://xeroshoes.com/wp-content/uploads/2020/01/Colorado_Olive_pair-150x150.jpg"" alt="""" width=""150"" height=""150"">
<h1>
<strong>Colorado</strong> -- The water and trail-friendly toe-protective sandal</h1>
</div>","Manual","","2025-10-20 13:16:52 +0200","true","2025-10-13 07:58:39 +0200","web","","","","","53","true","all conditions","Tag","Equals","colorado","2","","","","","","","","","","","",""
"310340550793","cassie","MERGE","Cassie","","Manual","","2025-10-21 13:18:01 +0200","true","2025-10-13 07:58:39 +0200","web","","","","","54","true","all conditions","Tag","Equals","cassie","1","","","","","","","","","","","",""
"310340583561","denver","MERGE","Denver","","Manual","","2025-10-23 13:18:14 +0200","true","2025-10-13 07:58:39 +0200","web","","","","","55","true","all conditions","Tag","Equals","denver","4","","","","","","","","","","","",""
"310340616329","aptos","MERGE","Aptos","","Manual","","2025-10-20 13:16:52 +0200","true","2025-10-13 07:58:39 +0200","web","","","","","56","true","all conditions","Tag","Equals","aptos","2","","","","","","","","","","","",""
"310340649097","dlh","MERGE","Daylite Hiker Fusion","","Manual","","2025-10-23 13:18:13 +0200","true","2025-10-13 07:58:40 +0200","web","","","","","57","true","all conditions","Tag","Equals","dlh","3","","","","","","","","","","","",""
"310340681865","hanamen","MERGE","HanaMen","","Manual","","2025-10-20 13:16:52 +0200","true","2025-10-13 07:58:40 +0200","web","","","","","58","true","all conditions","Tag","Equals","hanamen","3","","","","","","","","","","","",""
"310340714633","clearance-womens","MERGE","Clearance - Women","","Best Selling","","2025-10-23 13:18:14 +0200","true","2025-10-13 07:58:40 +0200","web","","","","","59","true","all conditions","Tag","Equals","clearance-womens","49","","","","","","","","","","","",""
"310340747401","hana","MERGE","Hana","","Manual","","2025-10-20 13:16:52 +0200","true","2025-10-13 07:58:40 +0200","web","","","","","60","true","all conditions","Tag","Equals","hana","3","","","","","","","","","","","",""
"310340780169","support-the-tarahumara","MERGE","Support the Tarahumara","","Manual","","2025-10-16 11:51:44 +0200","true","2025-10-13 07:58:40 +0200","web","","","","","61","true","all conditions","Tag","Equals","support-the-tarahumara","0","","","","","","","","","","","",""
"310340812937","hanawomen","MERGE","HanaWomen","","Manual","","2025-10-13 20:33:15 +0200","true","2025-10-13 07:58:40 +0200","web","","","","","62","true","all conditions","Tag","Equals","hanawomen","0","","","","","","","","","","","",""
"310340845705","bestsellers","MERGE","Best Sellers","<p>Our most popular barefoot shoe styles. Find the perfect shoe for every activity.</p>","Best Selling","","2025-10-23 13:18:14 +0200","true","2025-10-13 07:58:40 +0200","web","","","","","63","true","all conditions","Tag","Equals","bestsellers","30","","","","","","","","","","","",""
"310340878473","spring-19","MERGE","Spring 2019","","Manual","","2025-10-16 11:52:59 +0200","true","2025-10-13 07:58:40 +0200","web","","","","","64","true","all conditions","Tag","Equals","spring-19","2","","","","","","","","","","","",""
"310340911241","racing","MERGE","racing","","Manual","","2025-10-20 13:16:52 +0200","true","2025-10-13 07:58:40 +0200","web","","","","","65","true","all conditions","Tag","Equals","racing","1","","","","","","","","","","","",""
"310340944009","genesis","MERGE","Genesis","","Manual","","2025-10-23 13:18:13 +0200","true","2025-10-13 07:58:40 +0200","web","","","","","66","true","all conditions","Tag","Equals","genesis","3","","","","","","","","","","","",""
"310340976777","hfs","MERGE","HFS","","Manual","","2025-10-23 13:18:13 +0200","true","2025-10-13 07:58:40 +0200","web","","","","","67","true","all conditions","Tag","Equals","hfs","7","","","","","","","","","","","",""
"310341009545","feeltrue-products","MERGE","FeelTrue Products","","Manual","","2025-10-23 13:18:13 +0200","true","2025-10-13 07:58:40 +0200","web","","","","","68","true","all conditions","Tag","Equals","feeltrue-products","4","","","","","","","","","","","",""
"310341042313","mesa-trail","MERGE","Mesa Trail","","Manual","","2025-10-21 13:18:01 +0200","true","2025-10-13 07:58:40 +0200","web","","","","","69","true","all conditions","Tag","Equals","mesa-trail","11","","","","","","","","","","","",""
"310341075081","oswego","MERGE","Oswego","","Manual","","2025-10-20 13:16:49 +0200","true","2025-10-13 07:58:40 +0200","web","","","","","70","true","all conditions","Tag","Equals","oswego","1","","","","","","","","","","","",""
"310341107849","phoenix","MERGE","Phoenix","","Manual","","2025-10-21 13:18:01 +0200","true","2025-10-13 07:58:40 +0200","web","","","","","71","true","all conditions","Tag","Equals","phoenix","4","","","","","","","","","","","",""
"310341140617","naboso","MERGE","naboso","","Manual","","2025-10-21 13:18:01 +0200","true","2025-10-13 07:58:40 +0200","web","","","","","72","true","all conditions","Tag","Equals","naboso","4","","","","","","","","","","","",""
"310341173385","mika","MERGE","Mika","","Manual","","2025-10-21 13:17:58 +0200","true","2025-10-13 07:58:40 +0200","web","","","","","73","true","all conditions","Tag","Equals","mika","1","","","","","","","","","","","",""
"310341206153","jessie","MERGE","Jessie","","Manual","","2025-10-16 11:51:15 +0200","true","2025-10-13 07:58:40 +0200","web","","","","","74","true","all conditions","Tag","Equals","jessie","0","","","","","","","","","","","",""
"310341238921","melbourne","MERGE","Melbourne","","Manual","","2025-10-20 13:16:52 +0200","true","2025-10-13 07:58:40 +0200","web","","","","","75","true","all conditions","Tag","Equals","melbourne","1","","","","","","","","","","","",""
"310341271689","toronto","MERGE","Toronto","","Manual","","2025-10-17 07:49:22 +0200","true","2025-10-13 07:58:40 +0200","web","","","","","76","true","all conditions","Tag","Equals","toronto","2","","","","","","","","","","","",""
"310341304457","z-trail","MERGE","Z-Trail","","Manual","","2025-10-21 13:18:01 +0200","true","2025-10-13 07:58:40 +0200","web","","","","","77","true","all conditions","Tag","Equals","z-trail","3","","","","","","","","","","","",""
"310341337225","speed-force","MERGE","Speed Force","","Manual","","2025-10-20 13:16:52 +0200","true","2025-10-13 07:58:40 +0200","web","","","","","78","true","all conditions","Tag","Equals","speed-force","4","","","","","","","","","","","",""
"310341369993","clearance","MERGE","Clearance","","Manual","","2025-10-23 13:18:14 +0200","true","2025-10-13 07:58:40 +0200","web","","","","","79","true","all conditions","Tag","Equals","clearance","100","","","","","","","","","","","",""
"310341402761","naboso-trail","MERGE","Naboso Trail","","Manual","","2025-10-16 11:51:17 +0200","true","2025-10-13 07:58:40 +0200","web","","","","","80","true","all conditions","Tag","Equals","naboso-trail","0","","","","","","","","","","","",""
"310341435529","z-trail-adult","MERGE","Z-Trail-adult","","Manual","","2025-10-16 11:49:52 +0200","true","2025-10-13 07:58:40 +0200","web","","","","","81","true","all conditions","Tag","Equals","z-trail-adult","1","","","","","","","","","","","",""
"310341468297","z-trail-ev","MERGE","Z-Trail EV","","Manual","","2025-10-23 13:18:14 +0200","true","2025-10-13 07:58:40 +0200","web","","","","","82","true","all conditions","Tag","Equals","z-trail-ev","4","","","","","","","","","","","",""
"310341501065","z-trek","MERGE","Z-Trek","","Manual","","2025-10-20 13:16:52 +0200","true","2025-10-13 07:58:40 +0200","web","","","","","83","true","all conditions","Tag","Equals","z-trek","2","","","","","","","","","","","",""
"310341533833","xero-gear","MERGE","Xero Gear","","Manual","","2025-10-16 11:51:49 +0200","true","2025-10-13 07:58:40 +0200","web","","","","","84","true","all conditions","Tag","Equals","xero-gear","1","","","","","","","","","","","",""
"310341566601","xcursion","MERGE","Xcursion","","Manual","","2025-10-21 13:18:01 +0200","true","2025-10-13 07:58:40 +0200","web","","","","","85","true","all conditions","Tag","Equals","xcursion","5","","","","","","","","","","","",""
"310341599369","prio","MERGE","Prio","","Manual","","2025-10-23 13:18:14 +0200","true","2025-10-13 07:58:40 +0200","web","","","","","86","true","all conditions","Tag","Equals","prio","17","","","","","","","","","","","",""
"310341632137","360","MERGE","360","","Manual","","2025-10-21 13:18:01 +0200","true","2025-10-13 07:58:40 +0200","web","","","","","87","true","all conditions","Tag","Equals","360","4","","","","","","","","","","","",""
"310341664905","veracruz","MERGE","Veracruz","","Manual","","2025-10-17 07:50:38 +0200","true","2025-10-13 07:58:40 +0200","web","","","","","88","true","all conditions","Tag","Equals","veracruz","2","","","","","","","","","","","",""
"310341697673","temp","MERGE","Temp","","Manual","","2025-10-13 20:33:17 +0200","true","2025-10-13 07:58:40 +0200","web","","","","","89","true","all conditions","Tag","Equals","temp","0","","","","","","","","","","","",""
"310341730441","terraflex","MERGE","TerraFlex","","Manual","","2025-10-21 13:18:01 +0200","true","2025-10-13 07:58:40 +0200","web","","","","","90","true","all conditions","Tag","Equals","terraflex","3","","","","","","","","","","","",""
"310341763209","clearance-mens","MERGE","Clearance - Men","","Best Selling","","2025-10-23 13:18:13 +0200","true","2025-10-13 07:58:40 +0200","web","","","","","91","true","all conditions","Tag","Equals","clearance-mens","47","","","","","","","","","","","",""
"310341795977","xcursion-fusion","MERGE","Xcursion Fusion","","Manual","","2025-10-21 13:18:01 +0200","true","2025-10-13 07:58:40 +0200","web","","","","","92","true","all conditions","Tag","Equals","xcursion-fusion","3","","","","","","","","","","","",""
"310341828745","aqua-cloud","MERGE","Aqua Cloud","","Manual","","2025-10-21 13:18:01 +0200","true","2025-10-13 07:58:40 +0200","web","","","","","93","true","all conditions","Tag","Equals","aqua-cloud","4","","","","","","","","","","","",""
"310341861513","cloud","MERGE","Cloud","","Manual","","2025-10-20 13:16:52 +0200","true","2025-10-13 07:58:40 +0200","web","","","","","94","true","all conditions","Tag","Equals","cloud","1","","","","","","","","","","","",""
"310341927049","prio-all-day-sr","MERGE","Prio All-Day SR","","Manual","","2025-10-21 13:18:02 +0200","true","2025-10-13 07:58:40 +0200","web","","","","","95","true","all conditions","Tag","Equals","prio-all-day-sr","3","","","","","","","","","","","",""
"310341894281","spring-2022","MERGE","Spring 2022","","Manual","","2025-10-21 13:18:02 +0200","true","2025-10-13 07:58:40 +0200","web","","","","","96","true","all conditions","Tag","Equals","spring-2022","14","","","","","","","","","","","",""
"310341959817","mesa-trail-wp","MERGE","Mesa Trail WP","","Manual","","2025-10-21 13:18:01 +0200","true","2025-10-13 07:58:57 +0200","web","","","","","97","true","all conditions","Tag","Equals","mesa-trail-wp","4","","","","","","","","","","","",""
"310341992585","ashland","MERGE","Ashland","","Manual","","2025-10-21 13:18:01 +0200","true","2025-10-13 07:58:57 +0200","web","","","","","98","true","all conditions","Tag","Equals","ashland","2","","","","","","","","","","","",""
"310342025353","denver-leather","MERGE","Denver Leather","","Manual","","2025-10-23 13:18:14 +0200","true","2025-10-13 07:58:57 +0200","web","","","","","99","true","all conditions","Tag","Equals","denver-leather","2","","","","","","","","","","","",""
"310342058121","fall-winter-2023","MERGE","Fall/Winter 2023","","Manual","","2025-10-23 13:18:14 +0200","true","2025-10-13 07:58:57 +0200","web","","","","","100","true","all conditions","Tag","Equals","fall-winter-2023","14","","","","","","","","","","","",""
"310342090889","zelen","MERGE","Zelen","","Manual","","2025-10-21 13:18:01 +0200","true","2025-10-13 07:58:57 +0200","web","","","","","101","true","all conditions","Tag","Equals","zelen","5","","","","","","","","","","","",""
"310342123657","dillon","MERGE","Dillon","","Manual","","2025-10-23 13:18:14 +0200","true","2025-10-13 07:58:57 +0200","web","","","","","102","true","all conditions","Tag","Equals","dillon","15","","","","","","","","","","","",""
"310342156425","kona","MERGE","Kona","","Manual","","2025-10-21 13:18:01 +0200","true","2025-10-13 07:58:57 +0200","web","","","","","103","true","all conditions","Tag","Equals","kona","2","","","","","","","","","","","",""
"310342189193","spring-summer-2023","MERGE","Spring/Summer 2023","","Manual","","2025-10-21 13:18:02 +0200","true","2025-10-13 07:58:57 +0200","web","","","","","104","true","all conditions","Tag","Equals","spring-summer-2023","13","","","","","","","","","","","",""
"310342221961","menscasual","MERGE","menscasual","","Manual","","2025-10-16 11:52:36 +0200","true","2025-10-13 07:58:57 +0200","web","","","","","105","true","all conditions","Tag","Equals","menscasual","0","","","","","","","","","","","",""
"310342254729","forza-runner","MERGE","Forza Runner","","Manual","","2025-10-21 13:18:01 +0200","true","2025-10-13 07:58:57 +0200","web","","","","","106","true","all conditions","Tag","Equals","forza-runner","4","","","","","","","","","","","",""
"310342287497","scrambler-mid","MERGE","Scrambler Mid","","Manual","","2025-10-21 13:18:01 +0200","true","2025-10-13 07:58:57 +0200","web","","","","","107","true","all conditions","Tag","Equals","scrambler-mid","3","","","","","","","","","","","",""
"310342320265","fall-winter-2022","MERGE","Fall/Winter 2022","","Manual","","2025-10-23 13:18:14 +0200","true","2025-10-13 07:58:57 +0200","web","","","","","108","true","all conditions","Tag","Equals","fall-winter-2022","8","","","","","","","","","","","",""
"310342353033","born-to-run","MERGE","Born To Run","","Manual","","2025-10-21 13:18:01 +0200","true","2025-10-13 07:58:57 +0200","web","","","","","109","true","all conditions","Tag","Equals","born-to-run","2","","","","","","","","","","","",""
"310342385801","glenn","MERGE","Glenn","","Manual","","2025-10-21 13:18:01 +0200","true","2025-10-13 07:58:57 +0200","web","","","","","110","true","all conditions","Tag","Equals","glenn","1","","","","","","","","","","","",""
"310342418569","gracie","MERGE","Gracie","","Manual","","2025-10-23 13:18:14 +0200","true","2025-10-13 07:58:57 +0200","web","","","","","111","true","all conditions","Tag","Equals","gracie","2","","","","","","","","","","","",""
"310342451337","scrambler-low","MERGE","Scrambler Low","","Manual","","2025-10-21 13:18:02 +0200","true","2025-10-13 07:58:57 +0200","web","","","","","112","true","all conditions","Tag","Equals","scrambler-low","7","","","","","","","","","","","",""
"310342484105","mesa-trail-ii","MERGE","Mesa Trail II","","Manual","","2025-10-21 13:18:01 +0200","true","2025-10-13 07:58:57 +0200","web","","","","","113","true","all conditions","Tag","Equals","mesa-trail-ii","5","","","","","","","","","","","",""
"310342516873","prio-suede","MERGE","Prio Suede","","Manual","","2025-10-21 13:18:01 +0200","true","2025-10-13 07:58:57 +0200","web","","","","","114","true","all conditions","Tag","Equals","prio-suede","3","","","","","","","","","","","",""
"310342549641","terraflex-ii","MERGE","Terraflex II","","Manual","","2025-10-21 13:18:01 +0200","true","2025-10-13 07:58:57 +0200","web","","","","","115","true","all conditions","Tag","Equals","terraflex-ii","3","","","","","","","","","","","",""
"310342582409","kelso","MERGE","Kelso","","Manual","","2025-10-21 13:18:02 +0200","true","2025-10-13 07:58:57 +0200","web","","","","","116","true","all conditions","Tag","Equals","kelso","3","","","","","","","","","","","",""
"310342615177","pagosa","MERGE","Pagosa","","Manual","","2025-10-23 13:18:14 +0200","true","2025-10-13 07:58:57 +0200","web","","","","","117","true","all conditions","Tag","Equals","pagosa","6","","","","","","","","","","","",""
"310342647945","sunrise","MERGE","Sunrise","","Manual","","2025-10-21 13:18:01 +0200","true","2025-10-13 07:58:57 +0200","web","","","","","118","true","all conditions","Tag","Equals","sunrise","4","","","","","","","","","","","",""
"310342680713","womenscasual","MERGE","womenscasual","","Manual","","2025-10-16 11:52:54 +0200","true","2025-10-13 07:58:57 +0200","web","","","","","119","true","all conditions","Tag","Equals","womenscasual","0","","","","","","","","","","","",""
"310342713481","ridgeway","MERGE","Ridgeway","","Manual","","2025-10-23 13:18:14 +0200","true","2025-10-13 07:58:57 +0200","web","","","","","120","true","all conditions","Tag","Equals","ridgeway","3","","","","","","","","","","","",""
"310342746249","summer23clearance","MERGE","Summer 23 Clearance","","Manual","","2025-10-13 20:33:18 +0200","true","2025-10-13 07:58:57 +0200","web","","","","","121","true","all conditions","Tag","Equals","summer23clearance","0","","","","","","","","","","","",""
"310342779017","speed-force-ii","MERGE","Speed Force II","","Manual","","2025-10-15 06:50:18 +0200","true","2025-10-13 07:58:57 +0200","web","","","","","122","true","all conditions","Tag","Equals","speed-force-ii","2","","","","","","","","","","","",""
"310342811785","forza-trainer","MERGE","Forza Trainer","<p>The Xero Shoes Forza training shoe has a heel-and-instep lockdown strap for a secure feel and midfoot strap for lateral stability.</p>","Manual","","2025-10-21 13:18:01 +0200","true","2025-10-13 07:58:57 +0200","web","","","","","123","true","all conditions","Tag","Equals","forza-trainer","4","","","","","","","","","","","",""
"310342844553","tari","MERGE","Tari","","Manual","","2025-10-16 11:52:12 +0200","true","2025-10-13 07:58:57 +0200","web","","","","","124","true","all conditions","Tag","Equals","tari","0","","","","","","","","","","","",""
"310342877321","spring-summer-2024","MERGE","Spring/Summer 2024","","Manual","","2025-10-21 13:18:02 +0200","true","2025-10-13 07:58:57 +0200","web","","","","","125","true","all conditions","Tag","Equals","spring-summer-2024","13","","","","","","","","","","","",""
"310342910089","born-to-run-favorite-shoes","MERGE","Born to Run Favorite Shoes","","Manual","","2025-10-21 13:18:01 +0200","true","2025-10-13 07:58:57 +0200","web","","","","","126","true","all conditions","Tag","Equals","born-to-run-favorite-shoes","10","","","","","","","","","","","",""
"310342942857","prio-neo","MERGE","Prio Neo","<p>Xero Shoes Prio Neo is built for everything you do.</p>

<p>Whether you’re working, playing, or resting, the Prio Neo’s barefoot design lets you do it in comfort.</p>","Manual","","2025-10-21 13:18:01 +0200","true","2025-10-13 07:58:57 +0200","web","","","","","127","true","all conditions","Tag","Equals","prio-neo","4","","","","","","","","","","","",""
"310342975625","40-off","MERGE","40% off","","Manual","","2025-10-20 13:16:52 +0200","true","2025-10-13 07:58:57 +0200","web","","","","","128","true","all conditions","Tag","Equals","40-off","3","","","","","","","","","","","",""
"310343008393","nexus-knit","MERGE","Nexus Knit","<p>Lightweight, flexible, and foot-shaped with a breathable, 3D-knit upper, the Nexus Knit brings unparalleled comfort to your workouts and your leisure activities.</p>","Manual","","2025-10-23 13:18:14 +0200","true","2025-10-13 07:58:57 +0200","web","","","","","129","true","all conditions","Tag","Equals","nexus-knit","4","","","","","","","","","","","",""
"310343041161","70-off","MERGE","70% off","","Manual","","2025-10-21 13:18:01 +0200","true","2025-10-13 07:58:57 +0200","web","","","","","130","true","all conditions","Tag","Equals","70-off","7","","","","","","","","","","","",""
"310343073929","30-off","MERGE","30% off","","Manual","","2025-10-21 13:18:01 +0200","true","2025-10-13 07:58:57 +0200","web","","","","","131","true","all conditions","Tag","Equals","30-off","2","","","","","","","","","","","",""
"310343106697","10-off","MERGE","10% off","","Manual","","2025-10-21 13:17:58 +0200","true","2025-10-13 07:58:57 +0200","web","","","","","132","true","all conditions","Tag","Equals","10-off","1","","","","","","","","","","","",""
"310343139465","60-off","MERGE","60% off","","Manual","","2025-10-16 11:53:01 +0200","true","2025-10-13 07:58:57 +0200","web","","","","","133","true","all conditions","Tag","Equals","60-off","0","","","","","","","","","","","",""
"310343172233","hfs-ii","MERGE","HFS II","","Manual","","2025-10-21 13:18:02 +0200","true","2025-10-13 07:58:57 +0200","web","","","","","134","true","all conditions","Tag","Equals","hfs-ii","6","","","","","","","","","","","",""
"310343205001","20-off","MERGE","20% off","","Manual","","2025-10-21 13:18:01 +0200","true","2025-10-13 07:58:57 +0200","web","","","","","135","true","all conditions","Tag","Equals","20-off","1","","","","","","","","","","","",""
"310343237769","50-off","MERGE","50% off","","Manual","","2025-10-21 13:18:01 +0200","true","2025-10-13 07:58:57 +0200","web","","","","","136","true","all conditions","Tag","Equals","50-off","4","","","","","","","","","","","",""
"310343270537","ridgeway-mesh-low","MERGE","Ridgeway Mesh Low","","Manual","","2025-10-21 13:18:01 +0200","true","2025-10-13 07:58:58 +0200","web","","","","","137","true","all conditions","Tag","Equals","ridgeway-mesh-low","3","","","","","","","","","","","",""
"310343303305","xero-shoes-accessories","MERGE","Xero Shoes Accessories","","Manual","","2025-10-16 11:52:00 +0200","true","2025-10-13 07:58:58 +0200","web","","","","","138","true","all conditions","Tag","Equals","xero-shoes-accessories","0","","","","","","","","","","","",""
"310343368841","ridgeway-chelsea","MERGE","Ridgeway Chelsea","","Manual","","2025-10-21 13:18:01 +0200","true","2025-10-13 07:58:58 +0200","web","","","","","139","true","all conditions","Tag","Equals","ridgeway-chelsea","2","","","","","","","","","","","",""
"310343401609","scrambler-mid-ii","MERGE","Scrambler Mid II","","Manual","","2025-10-21 13:18:01 +0200","true","2025-10-13 07:58:58 +0200","web","","","","","140","true","all conditions","Tag","Equals","scrambler-mid-ii","2","","","","","","","","","","","",""
"310343434377","womens-featured-deals","MERGE","Women's Featured Deals","","Manual","","2025-10-23 13:18:14 +0200","true","2025-10-13 07:58:58 +0200","web","","","","","141","true","all conditions","Tag","Equals","womens-featured-deals","5","","","","","","","","","","","",""
"310343336073","waterproof","MERGE","Waterproof","<p>Xero Shoes waterproof shoes and boots keep your feet dry and comfortable no matter where your adventure takes you.</p>","Manual","","2025-10-23 13:18:14 +0200","true","2025-10-13 07:58:58 +0200","web","","","","","142","true","all conditions","Tag","Equals","waterproof","19","","","Waterproof Barefoot Shoes & Boots","waterproof","","waterproof-mens, waterproof-womens","","","","","",""
"310343467145","top-rated","MERGE","Top Rated","","Manual","","2025-10-21 13:18:02 +0200","true","2025-10-13 07:58:58 +0200","web","","","","","143","true","all conditions","Tag","Equals","top-rated","3","","","","","","","","","","","",""
"310343499913","mens-featured-deals","MERGE","Men's Featured Deals","","Manual","","2025-10-23 13:18:13 +0200","true","2025-10-13 07:58:58 +0200","web","","","","","144","true","all conditions","Tag","Equals","mens-featured-deals","4","","","","","","","","","","","",""
"310343532681","x1","MERGE","X1","","Manual","","2025-10-21 13:18:01 +0200","true","2025-10-13 07:58:58 +0200","web","","","","","145","true","all conditions","Tag","Equals","x1","4","","","","","","","","","","","",""
"310343565449","dillon-canvas-slip-on","MERGE","Dillon Canvas Slip-On","","Manual","","2025-10-21 13:18:01 +0200","true","2025-10-13 07:58:58 +0200","web","","","","","146","true","all conditions","Tag","Equals","dillon-canvas-slip-on","6","","","","","","","","","","","",""
"310343598217","dillon-leather","MERGE","Dillon Leather","","Manual","","2025-10-23 13:18:14 +0200","true","2025-10-13 07:58:58 +0200","web","","","","","147","true","all conditions","Tag","Equals","dillon-leather","2","","","","","","","","","","","",""
"310343630985","scrambler-mid-ii-wp","MERGE","Scrambler Mid II WP","","Manual","","2025-10-21 13:17:58 +0200","true","2025-10-13 07:58:58 +0200","web","","","","","148","true","all conditions","Tag","Equals","scrambler-mid-ii-wp","2","","","","","","","","","","","",""
"310343663753","x1-womens","MERGE","Basketball","","Manual","","2025-10-21 13:18:01 +0200","true","2025-10-13 07:58:58 +0200","web","","","","","149","true","all conditions","Tag","Equals","x1-womens","2","","","","","","","","","","","",""
"310343696521","new-fall-2024-boots","MERGE","New Fall 2024 Boots","","Manual","","2025-10-21 13:18:01 +0200","true","2025-10-13 07:58:58 +0200","web","","","","","150","true","all conditions","Tag","Equals","new-fall-2024-boots","3","","","","","","","","","","","",""
"310343729289","fall-winter-2024","MERGE","Fall/Winter 2024","<p>Step up your fall wardrobe with new Xero Shoes</p>","Manual","","2025-10-23 13:18:14 +0200","true","2025-10-13 07:58:58 +0200","web","","","","","151","true","all conditions","Tag","Equals","fall-winter-2024","6","","","","","","","","","","","",""
"310343762057","x1-mens","MERGE","Basketball","","Manual","","2025-10-21 13:18:01 +0200","true","2025-10-13 07:58:58 +0200","web","","","","","152","true","all conditions","Tag","Equals","x1-mens","2","","","","","","","","","","","",""
"310343794825","h-trail","MERGE","H-Trail","","Manual","","2025-10-21 13:18:01 +0200","true","2025-10-13 07:58:58 +0200","web","","","","","153","true","all conditions","Tag","Equals","h-trail","4","","","","","","","","","","","",""
"310343827593","casual","MERGE","Casual","","Best Selling","","2025-10-23 13:18:14 +0200","true","2025-10-13 07:58:58 +0200","web","","","","","154","true","all conditions","Tag","Equals","casual","35","","","","","shoes","","","","","","",""
"310343860361","d-trail","MERGE","D-Trail","","Manual","","2025-10-16 11:50:35 +0200","true","2025-10-13 07:58:58 +0200","web","","","","","155","true","all conditions","Tag","Equals","d-trail","0","","","","","","","","","","","",""
"310343893129","big-kids","MERGE","Big Kids (C12-Y4)","<p>Find the perfect fit for older children (12C-4Y)</p>","Manual","","2025-10-17 07:09:37 +0200","true","2025-10-13 07:58:58 +0200","web","","","","","156","true","all conditions","Tag","Equals","big-kids","5","","","Big Kids","kids, little-kids, big-kids","kids","","","","","","",""
"310343925897","winter","MERGE","Winter Barefoot Boots & Shoes","","Manual","","2025-10-21 13:18:02 +0200","true","2025-10-13 07:58:58 +0200","web","","","","","157","true","all conditions","Tag","Equals","winter","4","","","","","","","","","","","",""
"310343958665","save-more","MERGE","Save More","<p>Save up to 70% off!</p>","Manual","","2025-10-23 13:18:14 +0200","true","2025-10-13 07:58:58 +0200","web","","","","","158","true","all conditions","Tag","Equals","save-more","44","","","","","","","","","","","",""
"310343991433","so-long-2024","MERGE","So Long 2024 Sale","Up to <span class=""notion-enable-hover"" data-token-index=""2"">70% off</span> select styles<!-- notionvc: 45916620-d743-4690-8ed8-7caa9c817ca6 -->","Manual","","2025-10-23 13:18:14 +0200","true","2025-10-13 07:58:58 +0200","web","","","","","159","true","all conditions","Tag","Equals","so-long-2024","115","","","","","","","","","","","",""
"310344024201","wynn","MERGE","Wynn","","Manual","","2025-10-21 13:18:02 +0200","true","2025-10-13 07:58:58 +0200","web","","","","","160","true","all conditions","Tag","Equals","wynn","2","","","","","","","","","","","",""
"310344056969","hiking","MERGE","Hiking","<p>From foothills to mountaintops - explore in confidence with lightweight, durable hikers.</p>","Manual","","2025-10-23 13:18:14 +0200","true","2025-10-13 07:58:58 +0200","web","","","","","161","true","all conditions","Tag","Equals","hiking","37","","","","","shoes","","","","","","",""
"310344056969","hiking","MERGE","Hiking","","Manual","","2025-10-23 13:18:14 +0200","true","2025-10-13 07:58:58 +0200","web","","","","","162","","","Title","Not Contains","clearance","37","","","","","","","","","","","",""
"310344089737","casual-sandals","MERGE","Casual","","Manual","","2025-10-17 07:50:38 +0200","true","2025-10-13 07:58:58 +0200","web","","","","","163","true","all conditions","Tag","Equals","casual-sandals","2","","","","","sandals","","","","","","",""
"310344122505","sportsandals","MERGE","Sport Sandals","","Manual","","2025-10-23 13:18:14 +0200","true","2025-10-13 07:58:58 +0200","web","","","","","164","true","all conditions","Tag","Equals","sportsandals","13","","","","","sandals","","","","","","",""
"310344155273","shoes-running-fitness","MERGE","Running/Fitness","","Manual","","2025-10-21 13:18:02 +0200","true","2025-10-13 07:58:58 +0200","web","","","","","165","true","all conditions","Tag","Equals","shoes-running-fitness","9","","","","","shoes","","","","","","",""
"310344188041","back-to-school","MERGE","Back to School","<p>From pre-K to parent-teacher conferences, we've got barefoot shoes for every age — designed for comfort, durability, and confidence in the classroom.</p>","Manual","","2025-10-23 13:18:14 +0200","true","2025-10-13 07:58:58 +0200","web","","","","","166","true","all conditions","Tag","Equals","back-to-school","12","","","","","","","","","","","",""
"310344220809","classics","MERGE","Classics","<span style=""font-weight: 400"">Originals for a Reason! T</span><span style=""font-weight: 400"">hese shoes aren’t just comfortable—they’re the ones people come back to over and over again. Because when something works, you stick with it.</span>","Manual","","2025-10-21 13:18:02 +0200","true","2025-10-13 07:58:58 +0200","web","","","","","167","true","all conditions","Tag","Equals","classics","1","","","","","","","","","","","",""
"310344253577","huarache-sandals","MERGE","Huarache-style sandals","Minimalist Sandals are mankind’s oldest footwear, with examples that are thousands of years old.

They’re also the simplest — something to protect your soles, plus some way to hold that protection onto your foot.

Don’t confuse huaraches style sandals with flip flops. I’ll explain why in the <a href=""#ewd-ufaq-faq-list"">FAQ section</a> further down the page.","Manual","","2025-10-23 13:18:13 +0200","true","2025-10-13 07:58:58 +0200","web","","","","","168","true","all conditions","Tag","Equals","huarache-sandals","6","","","","","sandals","","","","","","",""
"310344286345","hiketrail","MERGE","Hike/Trail","","Manual","","2025-10-23 13:18:14 +0200","true","2025-10-13 07:58:58 +0200","web","","","","","169","true","all conditions","Tag","Equals","hiketrail","56","","","","","activity","","","","","","",""
"310344319113","running-fitness","MERGE","Running/Fitness","<p>Your feet are your body’s foundation.</p>
<p>Barefoot-designed running and fitness shoes let your feet move how they’re meant to for natural comfort and peak performance.</p>","Manual","","2025-10-23 13:18:14 +0200","true","2025-10-13 07:58:58 +0200","web","","","","","170","true","all conditions","Tag","Equals","running-fitness","48","","","","","activity","","","","","","",""
"310344351881","lifestyle","MERGE","Lifestyle / Casual","","Manual","","2025-10-23 13:18:14 +0200","true","2025-10-13 07:58:58 +0200","web","","","","","171","true","all conditions","Tag","Equals","lifestyle","81","","","","","activity","","","","","","",""
"310344384649","little-kids","MERGE","Little Kids (C6-C11)","<p>Natural movement shoes for healthy, growing feet.</p>","Manual","","2025-10-17 07:09:36 +0200","true","2025-10-13 07:58:58 +0200","web","","","","","172","true","all conditions","Tag","Equals","little-kids","3","","","Little Kids","kids, little-kids, big-kids","kids","","","","","","",""
"310344450185","water","MERGE","Water","","Best Selling","","2025-10-23 13:18:14 +0200","true","2025-10-13 07:58:58 +0200","web","","","","","173","true","all conditions","Tag","Equals","water","24","","","","","activity","","","","","","",""
"310344515721","waterproof-mens","MERGE","Waterproof - Mens","<p>Mens waterproof shoes and boots keep your feet dry and comfortable no matter where your adventure takes you.</p>","Manual","","2025-10-21 13:18:02 +0200","","","web","","","","","174","true","all conditions","Tag","Equals","waterproof-mens","8","","","Men's Barefoot Boots & Shoes","waterproof-mens, waterproof-womens","waterproof","","","","","","",""
"310344548489","spring-summer-2025","MERGE","Spring/Summer 2025","","Manual","","2025-10-23 13:18:14 +0200","true","2025-10-13 07:58:58 +0200","web","","","","","175","true","all conditions","Tag","Equals","spring-summer-2025","15","","","","","","","","","","","",""
"310344417417","mens","MERGE","Men's","<p>Our men’s barefoot shoes let you enjoy the natural movement and comfort of being barefoot without actually going barefoot. Browse our selection.</p>","Manual","","2025-10-23 13:18:14 +0200","true","2025-10-13 07:58:58 +0200","web","","","","","176","true","all conditions","Tag","Equals","mens","65","","","","mens","gender","","collection_faqs.barefoot-shoes-for-men-101, collection_faqs.mens-barefoot-footwear-for-every-lifestyle, collection_faqs.how-to-safely-transition-to-barefoot-shoes","","","","",""
"310344417417","mens","MERGE","Men's","","Manual","","2025-10-23 13:18:14 +0200","true","2025-10-13 07:58:58 +0200","web","","","","","177","","","Title","Not Contains","clearance","65","","","","","","","","","","","",""
"310344646793","waterproof-womens","MERGE","Waterproof - Womens","<p>Women's waterproof shoes and boots keep your feet dry and comfortable no matter where your adventure takes you.</p>","Manual","","2025-10-23 13:18:14 +0200","true","2025-10-13 07:59:15 +0200","web","","","","","178","true","all conditions","Tag","Equals","waterproof-womens","8","","","Women's Barefoot Boots & Shoes","waterproof-mens, waterproof-womens","waterproof","","","","","","",""
"310344482953","womens","MERGE","Women's","<span style=""font-weight: 400"">Our women’s barefoot shoes let you enjoy the natural movement and comfort of being barefoot without actually going barefoot. Browse our selection.</span>","Best Selling","","2025-10-23 13:18:14 +0200","true","2025-10-13 07:58:58 +0200","web","","","","","179","true","all conditions","Tag","Equals","womens","63","","","","womens","gender","","collection_faqs.barefoot-shoes-for-women-101, collection_faqs.womens-barefoot-footwear-for-every-activity-lifestyle-1, collection_faqs.how-to-safely-transition-to-womens-barefoot-shoes","","","","",""
"310344482953","womens","MERGE","Women's","","Best Selling","","2025-10-23 13:18:14 +0200","true","2025-10-13 07:58:58 +0200","web","","","","","180","","","Title","Not Contains","clearance","63","","","","","","","","","","","",""
"310486958217","custom-made-xero-shoes","MERGE","Custom-Made Xero Shoes","","Manual","","2025-10-17 07:08:59 +0200","true","2025-10-17 07:08:59 +0200","web","","","","","181","true","all conditions","Tag","Equals","custom-made-xero-shoes","0","","","","","","","","","","","",""
"310486990985","praella-men","MERGE","Praella - Men","<p>Our men’s barefoot shoes let you enjoy the natural movement and comfort of being barefoot without actually going barefoot. Browse our selection.</p>","Best Selling","","2025-10-23 13:18:14 +0200","true","2025-10-17 07:09:00 +0200","web","","","","","182","true","all conditions","Tag","Equals","mens","79","","","","","","","","","","","",""
"310487023753","umara","MERGE","Umara","","Manual","","2025-10-17 07:09:00 +0200","true","2025-10-17 07:09:00 +0200","web","","","","","183","true","all conditions","Tag","Equals","umara","0","","","","","","","","","","","",""
"310487056521","merch","MERGE","Xero Shoes Merch","","Manual","","2025-10-17 07:09:06 +0200","true","2025-10-17 07:09:00 +0200","web","","","","","184","true","all conditions","Tag","Equals","merch","1","","","","","","","","","","","",""
"310487089289","outsoles","MERGE","Outsoles","","Manual","","2025-10-17 07:09:00 +0200","true","2025-10-17 07:09:00 +0200","web","","","","","185","true","all conditions","Tag","Equals","outsoles","0","","","","","","","","","","","",""
"310487122057","facebook","MERGE","Facebook","","Manual","","2025-10-17 07:09:02 +0200","true","2025-10-17 07:09:02 +0200","web","","","","","186","true","all conditions","Tag","Equals","facebook","0","","","","","","","","","","","",""
"310487154825","vienna","MERGE","Vienna","","Manual","","2025-10-17 07:09:02 +0200","true","2025-10-17 07:09:02 +0200","web","","","","","187","true","all conditions","Tag","Equals","vienna","0","","","","","","","","","","","",""
"310487187593","ipari","MERGE","Ipari","","Manual","","2025-10-17 07:09:02 +0200","true","2025-10-17 07:09:02 +0200","web","","","","","188","true","all conditions","Tag","Equals","ipari","0","","","","","","","","","","","",""
"310487220361","ready-to-wear-barefoot-sandals","MERGE","Ready To Wear Barefoot Sandals","","Manual","","2025-10-23 13:18:13 +0200","true","2025-10-17 07:09:02 +0200","web","","","","","189","true","all conditions","Tag","Equals","ready-to-wear-barefoot-sandals","5","","","","","","","","","","","",""
"310487253129","coalton","MERGE","Coalton","","Manual","","2025-10-17 07:09:02 +0200","true","2025-10-17 07:09:02 +0200","web","","","","","190","true","all conditions","Tag","Equals","coalton","0","","","","","","","","","","","",""
"310487285897","sensori-venture","MERGE","NEW! Sensori Venture","","Manual","","2025-10-17 07:09:03 +0200","true","2025-10-17 07:09:03 +0200","web","","","","","191","true","all conditions","Tag","Equals","sensori-venture","0","","","","","","","","","","","",""
"310487318665","boaty","MERGE","Boaty","","Manual","","2025-10-17 07:09:04 +0200","true","2025-10-17 07:09:04 +0200","web","","","","","192","true","all conditions","Tag","Equals","boaty","0","","","","","","","","","","","",""
"310487351433","ztrek","MERGE","Z-Trek","","Manual","","2025-10-23 13:18:13 +0200","true","2025-10-17 07:09:04 +0200","web","","","","","193","true","all conditions","Tag","Equals","ztrek","3","","","","","","","","","","","",""
"310487384201","venture","MERGE","Venture","","Manual","","2025-10-17 07:09:04 +0200","true","2025-10-17 07:09:04 +0200","web","","","","","194","true","all conditions","Tag","Equals","venture","0","","","","","","","","","","","",""
"310487416969","ztrail","MERGE","Z-Trail","","Manual","","2025-10-23 13:18:14 +0200","true","2025-10-17 07:09:04 +0200","web","","","","","195","true","all conditions","Tag","Equals","ztrail","4","","","","","","","","","","","",""
"310487449737","shoe-bundle","MERGE","Shoe Bundle","","Manual","","2025-10-17 07:09:05 +0200","true","2025-10-17 07:09:05 +0200","web","","","","","196","true","all conditions","Tag","Equals","shoe-bundle","0","","","","","","","","","","","",""
"310487482505","pacifica","MERGE","Pacifica","","Manual","","2025-10-17 07:09:05 +0200","true","2025-10-17 07:09:05 +0200","web","","","","","197","true","all conditions","Tag","Equals","pacifica","0","","","","","","","","","","","",""
"310487515273","diy-kits","MERGE","Do-it-yourself Xero Shoes Kits","","Manual","","2025-10-17 07:09:06 +0200","true","2025-10-17 07:09:05 +0200","web","","","","","198","true","all conditions","Tag","Equals","diy-kits","0","","","","","","","","","","","",""
"310487548041","decorations","MERGE","Sandal Decorations","","Manual","","2025-10-17 07:09:06 +0200","true","2025-10-17 07:09:06 +0200","web","","","","","199","true","all conditions","Tag","Equals","decorations","0","","","","","","","","","","","",""
"310487580809","amuri","MERGE","Amuri™ - ready-to-wear barefoot sandals","","Manual","","2025-10-23 13:18:13 +0200","true","2025-10-17 07:09:06 +0200","web","","","","","200","true","all conditions","Tag","Equals","amuri","3","","","","","","","","","","","",""
"310487613577","mens-casual","MERGE","menscasual","","Manual","","2025-10-23 13:18:14 +0200","","","web","","","","","201","true","all conditions","Tag","Equals","mens-casual","32","","","","","","","","","","","",""
"310487646345","spring19","MERGE","spring 19","","Manual","","2025-10-20 13:16:52 +0200","true","2025-10-17 07:09:07 +0200","web","","","","","202","true","all conditions","Tag","Equals","spring19","2","","","","","","","","","","","",""
"310487679113","adult-ztrail","MERGE","Z-Trail-adult","","Manual","","2025-10-17 07:09:08 +0200","true","2025-10-17 07:09:08 +0200","web","","","","","203","true","all conditions","Tag","Equals","adult-ztrail","0","","","","","","","","","","","",""
"310487711881","speedforce","MERGE","Speed Force","","Manual","","2025-10-17 07:09:09 +0200","true","2025-10-17 07:09:09 +0200","web","","","","","204","true","all conditions","Tag","Equals","speedforce","0","","","","","","","","","","","",""
"310487744649","womens-casual","MERGE","womenscasual","","Manual","","2025-10-23 13:18:14 +0200","true","2025-10-17 07:09:09 +0200","web","","","","","205","true","all conditions","Tag","Equals","womens-casual","32","","","","","","","","","","","",""
"310487777417","spring2020","MERGE","Spring 2020","","Manual","","2025-10-21 13:18:01 +0200","true","2025-10-17 07:09:10 +0200","web","","","","","206","true","all conditions","Tag","Equals","spring2020","3","","","","","","","","","","","",""
"310487810185","nabosotrail","MERGE","Naboso Trail","","Manual","","2025-10-21 13:18:01 +0200","true","2025-10-17 07:09:10 +0200","web","","","","","207","true","all conditions","Tag","Equals","nabosotrail","2","","","","","","","","","","","",""
"310487842953","dlhc","MERGE","DayLite Clearance"," 

<strong>Nothing on clearance right now, but we add products to this page periodically, so please check back later!</strong>

 ","Manual","","2025-10-17 07:09:11 +0200","true","2025-10-17 07:09:11 +0200","web","","","","","208","true","all conditions","Tag","Equals","dlhc","0","","","","","","","","","","","",""
"310487875721","onsale","MERGE","On Sale","","Manual","","2025-10-21 13:18:01 +0200","true","2025-10-17 07:09:13 +0200","web","","","","","209","true","all conditions","Tag","Equals","onsale","12","","","","","","","","","","","",""
"310487908489","cozy-life","MERGE","Cozy Life","","Manual","","2025-10-23 13:18:14 +0200","true","2025-10-17 07:09:23 +0200","web","","","","","210","true","all conditions","Tag","Equals","cozy-life","9","","","","","","","","","","","",""
"310487941257","women-training","MERGE","Women's Training Shoes","","Manual","","2025-10-23 13:18:14 +0200","true","2025-10-17 07:09:24 +0200","web","","","","","211","true","all conditions","Tag","Equals","women-training","8","","","","","","","","","","","",""
"310487974025","adventurer-at-heart","MERGE","Adventurer at Heart","","Manual","","2025-10-23 13:18:14 +0200","true","2025-10-17 07:09:25 +0200","web","","","","","212","true","all conditions","Tag","Equals","adventurer-at-heart","12","","","","","","","","","","","",""
"310488006793","sandals-womens-summer24","MERGE","Summer Sandals - Women's","","Manual","","2025-10-21 13:18:01 +0200","true","2025-10-17 07:09:26 +0200","web","","","","","213","true","all conditions","Tag","Equals","sandals-womens-summer24","3","","","","","","","","","","","",""
"310488039561","men-training","MERGE","Men's Training Shoes","","Manual","","2025-10-23 13:18:14 +0200","true","2025-10-17 07:09:27 +0200","web","","","","","214","true","all conditions","Tag","Equals","men-training","8","","","","","","","","","","","",""
"310488039561","men-training","MERGE","Men's Training Shoes","","Manual","","2025-10-23 13:18:14 +0200","true","2025-10-17 07:09:27 +0200","web","","","","","215","","","Title","Not Contains","clearance","8","","","","","","","","","","","",""
"310488072329","scrambler","MERGE","Scrambler","<p>All Scrambler II products</p>","Manual","","2025-10-21 13:18:02 +0200","true","2025-10-17 07:09:27 +0200","web","","","","","216","true","all conditions","Tag","Equals","scrambler","17","","","","","","","","","","","",""
"310488105097","leather","MERGE","Leather","","Manual","","2025-10-17 07:09:27 +0200","true","2025-10-17 07:09:27 +0200","web","","","","","217","true","all conditions","Tag","Equals","leather","0","","","","","","","","","","","",""
"310488137865","bead-kits","MERGE","Bead Kits","","Manual","","2025-10-17 07:09:28 +0200","true","2025-10-17 07:09:28 +0200","web","","","","","218","true","all conditions","Tag","Equals","bead-kits","0","","","","","","","","","","","",""
"310488170633","hfs-original","MERGE","HFS Original","","Manual","","2025-10-17 07:09:29 +0200","true","2025-10-17 07:09:29 +0200","web","","","","","219","true","all conditions","Tag","Equals","hfs-original","0","","","","","","","","","","","",""
"310488203401","family-styles","MERGE","Family Styles","","Manual","","2025-10-23 13:18:14 +0200","true","2025-10-17 07:09:29 +0200","web","","","","","220","true","all conditions","Tag","Equals","family-styles","9","","","","","","","","","","","",""
"310488236169","stock-up","MERGE","Stock Up and Save","","Manual","","2025-10-23 13:18:14 +0200","true","2025-10-17 07:09:29 +0200","web","","","","","221","true","all conditions","Tag","Equals","stock-up","15","","","","","","","","","","","",""
"310488268937","ourbestsellers","MERGE","Our Best Selling Products","","Manual","","2025-10-17 07:09:29 +0200","true","2025-10-17 07:09:29 +0200","web","","","","","222","true","all conditions","Tag","Equals","ourbestsellers","0","","","","","","","","","","","",""
"310488301705","performance","MERGE","Running/Fitness","","Manual","","2025-10-23 13:18:14 +0200","true","2025-10-17 07:09:29 +0200","web","","","","","223","true","all conditions","Tag","Equals","performance","42","","","","","","","","","","","",""
"310488334473","simshoes","MERGE","SIM Shoes","<p>Connect with the track like never before in these barefoot-inspired shoes</p>","Manual","","2025-10-21 13:18:01 +0200","true","2025-10-17 07:09:29 +0200","web","","","","","224","true","all conditions","Tag","Equals","simshoes","2","","","","","","","","","","","",""
"310488367241","dillon-knit","MERGE","Dillon Knit","","Manual","","2025-10-21 13:18:02 +0200","true","2025-10-17 07:09:30 +0200","web","","","","","225","true","all conditions","Tag","Equals","dillon-knit","2","","","","","","","","","","","",""
"310488400009","diysandals","MERGE","DIY Sandal Kits","<p>What could be more fun than making your own custom-designed, barefoot-inspired sandal?</p>

<p>Get a DIY Sandals Kit and create a sandal that’s uniquely you.</p>","Manual","","2025-10-17 07:09:30 +0200","true","2025-10-17 07:09:30 +0200","web","","","","","226","true","all conditions","Tag","Equals","diysandals","0","","","","","","","","","","","",""
"310488432777","casual-shoes","MERGE","Casual","","Manual","","2025-10-23 13:18:14 +0200","true","2025-10-17 07:09:31 +0200","web","","","","","227","true","all conditions","Tag","Equals","casual-shoes","43","","","","","","","","","","","",""
"310488465545","sim-racing-others","MERGE","Sim Racing Others","","Manual","","2025-10-23 13:18:14 +0200","true","2025-10-17 07:09:32 +0200","web","","","","","228","true","all conditions","Tag","Equals","sim-racing-others","9","","","","","","","","","","","",""
"310488498313","buy-more-save-more","MERGE","Buy More Save More","<p>Buy one pair, save 10%; buy two pairs, save 20%; buy three or more pairs, save 30%</p>","Manual","","2025-10-23 13:18:14 +0200","true","2025-10-17 07:09:32 +0200","web","","","","","229","true","all conditions","Tag","Equals","buy-more-save-more","13","","","","","","","","","","","",""
"310488531081","snap-on-beads","MERGE","Snap-on Beads","","Manual","","2025-10-17 07:09:32 +0200","true","2025-10-17 07:09:32 +0200","web","","","","","230","true","all conditions","Tag","Equals","snap-on-beads","0","","","","","","","","","","","",""
"310488563849","test-countdown","MERGE","test countdown","For a limited time, <strong>save 20%</strong> on new spring products!

[INSERT_ELEMENTOR_PDP id=""7635901""]","Manual","","2025-10-17 07:09:32 +0200","true","2025-10-17 07:09:32 +0200","web","","","","","231","true","all conditions","Tag","Equals","test-countdown","0","","","","","","","","","","","",""
"310488596617","t-shirts","MERGE","T-Shirts","","Manual","","2025-10-17 07:09:33 +0200","true","2025-10-17 07:09:33 +0200","web","","","","","232","true","all conditions","Tag","Equals","t-shirts","0","","","","","","","","","","","",""
"310488629385","pendants-charms","MERGE","Pendants & Charms","","Manual","","2025-10-17 07:09:34 +0200","true","2025-10-17 07:09:34 +0200","web","","","","","233","true","all conditions","Tag","Equals","pendants-charms","0","","","","","","","","","","","",""
"310488662153","sale-30-off","MERGE","30% off","Up to <strong>70% off</strong> select styles <strong>PLUS 10%</strong> off everything else!","Manual","","2025-10-23 13:18:14 +0200","true","2025-10-17 07:09:34 +0200","web","","","","","234","true","all conditions","Tag","Equals","sale-30-off","5","","","","","","","","","","","",""
"310488694921","sale-50-off","MERGE","50% off","Up to <strong>70% off</strong> select styles <strong>PLUS 10%</strong> off everything else!","Manual","","2025-10-23 13:18:14 +0200","true","2025-10-17 07:09:35 +0200","web","","","","","235","true","all conditions","Tag","Equals","sale-50-off","22","","","","","","","","","","","",""
"310488727689","sale-60-off","MERGE","60% off","Up to <strong>70% off</strong> select styles <strong>PLUS 10%</strong> off everything else!","Manual","","2025-10-21 13:18:02 +0200","true","2025-10-17 07:09:35 +0200","web","","","","","236","true","all conditions","Tag","Equals","sale-60-off","28","","","","","","","","","","","",""
"310488760457","beads","MERGE","Beads","","Manual","","2025-10-17 07:09:35 +0200","true","2025-10-17 07:09:35 +0200","web","","","","","237","true","all conditions","Tag","Equals","beads","0","","","","","","","","","","","",""
"310488793225","sale-70-off","MERGE","70% off","Up to <strong>70% off</strong> select styles <strong>PLUS 10%</strong> off everything else!","Manual","","2025-10-23 13:18:14 +0200","true","2025-10-17 07:09:35 +0200","web","","","","","238","true","all conditions","Tag","Equals","sale-70-off","25","","","","","","","","","","","",""
"310488825993","sale-40-off","MERGE","40% off","Up to <strong>70% off</strong> select styles <strong>PLUS 10%</strong> off everything else!","Manual","","2025-10-21 13:18:02 +0200","true","2025-10-17 07:09:35 +0200","web","","","","","239","true","all conditions","Tag","Equals","sale-40-off","5","","","","","","","","","","","",""
"310488858761","new-boots","MERGE","New Boots","","Best Selling","","2025-10-23 13:18:14 +0200","true","2025-10-17 07:09:37 +0200","web","","","","","240","true","all conditions","Tag","Equals","new-arrivals","13","","","","","","","","","","","",""
"310488858761","new-boots","MERGE","New Boots","","Best Selling","","2025-10-23 13:18:14 +0200","true","2025-10-17 07:09:37 +0200","web","","","","","241","","","Tag","Equals","boots","13","","","","","","","","","","","",""
"310488891529","hiking-trail-boots","MERGE","Hiking & Trail Boots","","Best Selling","","2025-10-23 13:18:14 +0200","true","2025-10-17 07:09:37 +0200","web","","","","","242","true","all conditions","Tag","Equals","hiking","19","","","","","","","","","","","",""
"310488891529","hiking-trail-boots","MERGE","Hiking & Trail Boots","","Best Selling","","2025-10-23 13:18:14 +0200","true","2025-10-17 07:09:37 +0200","web","","","","","243","","","Tag","Equals","boots","19","","","","","","","","","","","",""
"310488891529","hiking-trail-boots","MERGE","Hiking & Trail Boots","","Best Selling","","2025-10-23 13:18:14 +0200","true","2025-10-17 07:09:37 +0200","web","","","","","244","","","Title","Not Contains","clearance","19","","","","","","","","","","","",""
"310488924297","casual-boots","MERGE","Casual Boots","","Manual","","2025-10-23 13:18:14 +0200","true","2025-10-17 07:09:37 +0200","web","","","","","245","true","all conditions","Tag","Equals","boots","17","","","","","","","","","","","",""
"310488924297","casual-boots","MERGE","Casual Boots","","Manual","","2025-10-23 13:18:14 +0200","true","2025-10-17 07:09:37 +0200","web","","","","","246","","","Tag","Equals","casual","17","","","","","","","","","","","",""
"310488957065","waterproof-boots","MERGE","Waterproof Boots","","Best Selling","","2025-10-23 13:18:14 +0200","true","2025-10-17 07:09:37 +0200","web","","","","","247","true","all conditions","Tag","Equals","boots","15","","","","","","","","","","","",""
"310488957065","waterproof-boots","MERGE","Waterproof Boots","","Best Selling","","2025-10-23 13:18:14 +0200","true","2025-10-17 07:09:37 +0200","web","","","","","248","","","Tag","Equals","waterproof","15","","","","","","","","","","","",""
"310488989833","training-shoes","MERGE","Training Shoes","","Best Selling","","2025-10-23 13:18:14 +0200","true","2025-10-17 07:09:37 +0200","web","","","","","249","true","all conditions","Tag","Equals","training","12","","","","","","","","","","","",""
"310489022601","alpine-kids","MERGE","Alpine Kids","","Best Selling","","2025-10-17 07:09:45 +0200","true","2025-10-17 07:09:37 +0200","web","","","","","250","true","all conditions","Title","Contains","alpine","2","","","","","","","","","","","",""
"310489022601","alpine-kids","MERGE","Alpine Kids","","Best Selling","","2025-10-17 07:09:45 +0200","true","2025-10-17 07:09:37 +0200","web","","","","","251","","","Title","Contains","kids","2","","","","","","","","","","","",""
